,disc,label,meta_G_SOL,meta_G_TA,metric_Unnamed: 0,metric_energy,metric_maximize_distance,metric_maxtime,metric_minimize_activation,metric_minimize_passive_torques,metric_minimize_periodic_gait,metric_velocity
0,False,1,4.8759999999999994,1.02,0,0.6467089542434601,13.304390610234105,2781.0,213.85377328597957,38170.61997647189,48.27358992371045,0.9591759729034754
1,True,2,2.412,1.02,0,0.6467089542434601,26.588465110954232,4000.0,145.7588201777364,15306.18880965673,9.2928842159715,1.3312440519875683
2,False,3,3.412,2.858,0,0.6467089542434601,8.054566943662817,1351.0,447.0577775755117,36604421.12259463,1206.917597427268,1.1979739624741927
3,False,4,6.34,0.738,0,0.6467089542434601,9.57139152573538,1747.0,344.7870379134272,410849.4793656552,152.81343259708797,1.1004510648861403
4,False,5,10.0,0.8320000000000001,0,0.6467089542434601,6.124163648528093,1601.0,372.0868559213623,210073.04961187227,175.88924945679784,0.769853925709443
5,False,6,6.34,1.832,0,0.6467089542434601,13.793926085504566,2516.0,254.635878188963,1879725.3345654025,101.47254437809549,1.0994096859039275
6,False,7,8.536,3.029,0,0.6467089542434601,8.799332677350174,1623.0,399.05531874749084,56599276.30792682,1913.4947983499303,1.0884443712526437
7,False,8,0.268,0.926,0,0.6467089542434601,6.944218846242378,1710.0,321.9055714706557,44845.9363999103,61.74964102414045,0.8165087146641175
8,False,9,0.0,1.832,0,0.6467089542434601,8.245578262992392,1501.0,369.5695272019928,54209.623145334415,64.97147352309536,1.103119647868228
9,False,10,2.144,1.302,0,0.6467089542434601,8.820042349729212,1445.0,387.72999222776565,59287.444803490136,660.7629179299023,1.2263310982388698
10,False,11,0.268,0.738,0,0.6467089542434601,10.052624193067722,3159.0,173.99598422771408,14523.041945113733,76.77945546917744,0.6387928188098823
11,False,12,1.34,1.49,0,0.6467089542434601,8.034046790810232,1337.0,417.8381125898711,67644.49720731232,700.7764445548543,1.2065461829089097
12,False,13,2.412,1.302,0,0.6467089542434601,15.571224955821936,2395.0,239.84243416535884,29749.497373536367,31.07501566324148,1.30324556472193
13,False,14,1.8760000000000001,2.516,0,0.6467089542434601,15.450820250901096,2283.0,265.04435748023064,16758610.483623395,48.43822901505409,1.3566232305994013
14,False,15,7.804,2.858,0,0.6467089542434601,8.899391105903883,1459.0,436.60039052492385,23586736.89666938,314.48166509704214,1.225272591
15,False,16,1.8760000000000001,1.02,0,0.6467089542434601,21.4415335457298,3045.0,186.51687041023084,23479.924172381117,31.02121199932884,1.4107901949809585
16,False,17,1.608,3.029,0,0.6467089542434601,12.570737246828447,1961.0,301.57269913750395,13932406.42439358,52.04056249144618,1.2859239591718
17,False,18,0.0,2.003,0,0.6467089542434601,6.516287893795379,1741.0,319.0907482026088,40379.814484105686,198.33944901881958,0.7528181790312405
18,False,19,0.268,2.6870000000000003,0,0.6467089542434601,7.554334349590125,2233.0,241.35381087914814,25623.920331302066,140.70917998482687,0.6801112176334045
19,False,20,0.536,2.6870000000000003,0,0.6467089542434601,8.08714627602607,2200.0,251.34593614503711,27960.959769889767,136.17983864422484,0.7385595353947475
20,False,21,7.071999999999999,0.926,0,0.6467089542434601,9.456688023480574,1757.0,350.6555569454805,340606.9095164634,98.5865116868519,1.0807552870041
21,True,22,2.144,1.396,0,0.6467089542434601,27.29456123526661,4000.0,146.6573970081932,15411.394125101046,50.29748387629726,1.3665470930511316
22,False,23,8.536,1.2080000000000002,0,0.6467089542434601,6.142100122590251,1607.0,374.5112787344873,198223.10025004586,183.4755837750924,0.7688289743021344
23,False,24,1.34,3.2,0,0.6467089542434601,8.032022253585303,1349.0,427.94910957920763,66116.49595176727,709.0351110601317,1.1960529756092575
24,False,25,2.144,0.644,0,0.6467089542434601,15.605615740344017,2383.0,233.70037668540328,34477.709298703645,39.9421403001681,1.3130235784116675
25,False,26,2.412,2.858,0,0.6467089542434601,8.717256823615303,1411.0,429.7981369260569,546131.1207818845,417.2678465652788,1.2402612263019557
26,False,27,10.0,2.516,0,0.6467089542434601,8.207690301890802,1415.0,440.48835013076217,30900191.38520529,685.8940390381622,1.165762402762767
27,True,28,1.8760000000000001,1.2080000000000002,0,0.6467089542434601,27.92625985122221,4000.0,146.2143143018634,12564.553016427375,22.21570997168647,1.3981304446813274
28,True,29,0.804,3.2,0,0.6467089542434601,19.584783148543085,4000.0,148.17460471332828,7775.058334092105,52.56383372076664,0.981077462196526
29,False,30,0.804,2.174,0,0.6467089542434601,6.941295938513355,2035.0,272.8216171409805,32305.51735996924,54.2000507637111,0.6855641563226479
30,True,31,0.0,1.02,0,0.6467089542434601,13.7250855051146,4000.0,137.9342206895668,8208.037613992854,41.34861549009993,0.6881072285368058
31,False,32,8.536,1.49,0,0.6467089542434601,10.757946673858758,1873.0,336.3286177446273,200497.4066121445,100.29578391037808,1.1524011364976017
32,False,33,1.34,1.302,0,0.6467089542434601,9.849448992701452,1599.0,341.9834104901681,49522.88253280701,256.03818364013506,1.2365177795837008
33,False,34,1.608,2.345,0,0.6467089542434601,9.918990616826877,1535.0,378.33311711395316,61210.46739908517,191.78011079472438,1.2976329714162356
34,False,35,8.536,1.02,0,0.6467089542434601,9.017800718406766,1909.0,325.4802477023263,503863.5073700624,108.29813162459236,0.9486222387657328
35,False,36,0.268,1.02,0,0.6467089542434601,7.519624105229063,2154.0,236.88006754062943,29917.136782852685,64.23523341479263,0.7016406348603191
36,False,37,5.6080000000000005,0.55,0,0.6467089542434601,9.335798312881003,1711.0,351.68139931850044,310431.43840285373,91.34101463597788,1.09555230081011
37,False,38,1.34,2.174,0,0.6467089542434601,8.030447041639311,1343.0,421.13923212221636,66969.50190929268,700.5026112753864,1.2015181257616796
38,False,39,1.8760000000000001,1.832,0,0.6467089542434601,27.15410325195364,3814.0,154.45497166366243,24431.800953802427,56.93246195694943,1.425821950857545
39,True,40,2.68,0.644,0,0.6467089542434601,26.433853326162602,4000.0,144.36842961674895,18324.607488717462,50.84941693583707,1.3235138492581235
40,False,41,4.144,1.302,0,0.6467089542434601,16.3737309677617,2719.0,227.85986906331127,85427.3243869569,34.99138996719282,1.2071701464226032
41,True,42,1.608,1.396,0,0.6467089542434601,27.567384253286427,4000.0,143.3805941463684,15195.99999217478,29.723648260261218,1.3801875619286774
42,False,43,8.536,1.114,0,0.6467089542434601,16.90281019744464,3119.0,206.91714611537896,116202.56465558927,81.39523746360159,1.0860724048146675
43,False,44,1.072,2.003,0,0.6467089542434601,12.433925444466707,2066.0,272.23338365757405,33801.723395739595,109.33055447084122,1.2072086552432597
44,False,45,4.8759999999999994,3.029,0,0.6467089542434601,9.581670043162044,1753.0,381.4842138615637,135674415.5405754,899.4783506947405,1.096979953930034
45,False,46,5.6080000000000005,1.661,0,0.6467089542434601,13.380177892378548,2425.0,265.3843896715017,10069261.252759164,117.6272842953124,1.1062680406654322
46,False,47,2.412,0.644,0,0.6467089542434601,13.073341652074044,2083.0,283.8385243159415,71160.39943024758,47.25165461147206,1.258745086878411
47,False,48,1.072,0.644,0,0.6467089542434601,7.959956683882072,1383.0,401.2222172605786,73985.8324012684,715.7648990381473,1.1569078340420065
48,False,49,5.6080000000000005,2.516,0,0.6467089542434601,8.261160119379468,1413.0,440.0802824151797,42448067.62995465,1259.296513126047,1.1748170005987704
49,False,50,1.8760000000000001,2.6870000000000003,0,0.6467089542434601,12.085035328909173,1735.0,344.13577247809684,10160077.778488522,224.1755750931962,1.397922336457489
50,True,51,0.0,0.644,0,0.6467089542434601,15.946640910862449,4000.0,139.07149521653548,9167.516235462112,30.683860214926447,0.7991794452133564
51,False,52,7.804,2.516,0,0.6467089542434601,8.244667706816362,1409.0,437.6297297073855,24429932.278791115,923.0263211335333,1.1761452541418085
52,False,53,1.608,1.661,0,0.6467089542434601,13.323979275964675,1911.0,299.22805070067193,40184.698869475535,73.10966542861267,1.3982551746353642
53,False,54,0.536,2.174,0,0.6467089542434601,8.470119003879269,2141.0,257.0116736892942,30599.793963455577,86.79302212061131,0.7943852639337746
54,False,55,7.804,3.2,0,0.6467089542434601,10.939529547211167,1941.0,338.05203881586567,66065038.05758223,858.0455446929652,1.130978438085943
55,True,56,1.608,1.302,0,0.6467089542434601,28.527795346019605,4000.0,143.27343625652685,12841.365303290237,24.15929663144546,1.4282057156576462
56,False,57,0.536,0.8320000000000001,0,0.6467089542434601,7.839949468650862,1379.0,405.5461312112442,81344.63165150884,109.1125217669233,1.1421917705525877
57,False,58,0.268,2.516,0,0.6467089542434601,5.3996424125620655,1545.0,355.69134042396524,54491.75573122289,108.71262060317663,0.7035959608453006
58,False,59,0.536,2.516,0,0.6467089542434601,7.787547541701999,1377.0,416.65388327421164,86409.96859879082,156.64830345823768,1.1362414279878523
59,False,60,1.072,0.55,0,0.6467089542434601,7.9670594324582185,1375.0,402.38893634728,75117.13173979204,740.8062932283239,1.1648438017038052
60,False,61,7.071999999999999,1.661,0,0.6467089542434601,9.54628439320396,1999.0,309.406397397015,96747.0779601246,216.8043594494576,0.9590745087616448
61,False,62,1.34,0.644,0,0.6467089542434601,8.553671142511389,1399.0,408.27125524730934,81082.40193003678,214.1039639711652,1.2273454736230895
62,False,63,4.8759999999999994,0.926,0,0.6467089542434601,9.765016799366776,2364.0,241.3327255011844,425398.7351193645,82.27819356496933,0.8292668955434195
63,True,64,2.68,1.661,0,0.6467089542434601,24.53560308126968,4000.0,149.54413416716744,19268.190717620768,23.72592190039055,1.2286060824018272
64,False,65,1.8760000000000001,1.661,0,0.6467089542434601,19.93605070502456,2713.0,214.686005884002,21251.315579899725,37.804445827157075,1.4720169414016278
65,False,66,7.071999999999999,1.02,0,0.6467089542434601,9.984305340203411,1923.0,319.3122974343379,3956027.199735008,150.47738317465755,1.0426604778458548
66,False,67,2.144,3.029,0,0.6467089542434601,10.23733315294303,1989.0,307.6802917971595,11593334.026258675,263.06389338770566,1.0328790033970816
67,False,68,4.8759999999999994,2.516,0,0.6467089542434601,8.375675072731394,1515.0,393.71302469217835,27398077.31196775,877.5935711625988,1.1103896325170244
68,False,69,5.6080000000000005,1.2080000000000002,0,0.6467089542434601,12.553532043080148,2175.0,275.14200109088483,104198.66558633947,61.22646884180954,1.1573930706803834
69,False,70,0.0,2.516,0,0.6467089542434601,6.004443381045553,1667.0,321.28099633308494,47416.83946761014,95.45439520303488,0.7250048660782361
70,False,71,1.34,1.832,0,0.6467089542434601,8.021778743332325,1343.0,418.05984151493897,67495.53857734316,703.968195945572,1.1998698699095864
71,True,72,0.268,2.174,0,0.6467089542434601,17.640273120272152,4000.0,145.1970382300789,7854.385239775082,87.70427494608877,0.8838568218150054
72,False,73,7.804,1.661,0,0.6467089542434601,10.136346644791807,1708.0,364.9756968134546,97584.99226380304,509.41162120652166,1.1912063947596332
73,False,74,10.0,3.2,0,0.6467089542434601,8.892836359733984,1671.0,390.1025964287085,41939138.15980646,2718.2979683574995,1.0682516187301656
74,False,75,7.071999999999999,1.114,0,0.6467089542434601,9.211692896484788,1815.0,348.6745357780301,370049.7801789525,148.66495652201925,1.0195590905352103
75,False,76,1.34,2.345,0,0.6467089542434601,8.52490786005102,1383.0,413.1933239278698,155808.4067250873,236.38740363016143,1.2386308452048724
76,False,77,0.536,1.832,0,0.6467089542434601,5.975489102515291,1657.0,321.21580860187413,54619.40738464771,61.66399593305114,0.7258855957708519
77,False,78,1.34,1.02,0,0.6467089542434601,12.20016776516744,1889.0,281.07798541325803,37325.27611757245,97.90810704972144,1.2958402094470811
78,False,79,3.412,0.926,0,0.6467089542434601,19.12260569429776,2963.0,201.4546279966563,39450.45540440787,18.329789460014226,1.2928713135730372
79,False,80,10.0,2.6870000000000003,0,0.6467089542434601,8.3071601775556,1429.0,437.8770345393677,33841099.10028543,272.54832119092123,1.168427240325654
80,False,81,7.071999999999999,2.345,0,0.6467089542434601,8.067781928635357,1369.0,448.613789962376,16644597.519670935,1163.0710358256147,1.1841532653740954
81,True,82,2.68,0.738,0,0.6467089542434601,26.708228549222788,4000.0,146.08789584410547,15377.33447485231,20.85214660248865,1.3372319245073696
82,False,83,9.268,1.832,0,0.6467089542434601,7.746406060280992,1375.0,445.6440873808791,19883715.46899724,298.97821322627533,1.132734754530172
83,False,84,5.6080000000000005,2.6870000000000003,0,0.6467089542434601,8.204186504080733,1409.0,440.07496108542085,8883764.853635151,893.9837105222017,1.1698983217787071
84,False,85,7.804,1.49,0,0.6467089542434601,12.614918187200766,2215.0,285.4202248459718,157351.4515549541,393.3203297770645,1.142452854180824
85,False,86,7.071999999999999,2.516,0,0.6467089542434601,8.173307694535511,1397.0,442.6490988001781,6817788.694817297,1065.0869680541969,1.175190334533532
86,False,87,9.268,2.516,0,0.6467089542434601,8.677949547855597,1435.0,444.185546094227,14835295.855740825,545.3219665993898,1.2147312502725809
87,False,88,1.072,2.858,0,0.6467089542434601,17.571158230592722,3097.0,183.57889819169347,18368.612136263582,129.77105746325412,1.1367918272077058
88,False,89,1.072,1.396,0,0.6467089542434601,7.940524235015457,1385.0,402.45454883659295,68048.60489891225,681.2372044361174,1.1524297859115664
89,False,90,1.608,2.858,0,0.6467089542434601,11.546796263060966,1735.0,339.64314600346705,23955737.50276614,263.7330691657508,1.3357019988367556
90,False,91,0.804,2.003,0,0.6467089542434601,7.3345363661740945,1891.0,283.2480498368137,37865.094781668486,103.10317861964464,0.7798057477284748
91,False,92,2.412,2.174,0,0.6467089542434601,18.284534651743144,2664.0,226.49397819300404,1188326.8873359514,113.95095887888529,1.3754434220101253
92,False,93,1.34,2.003,0,0.6467089542434601,8.065105870663514,1343.0,426.9363392733675,97979.05411476834,707.7555481264385,1.2057817029038504
93,False,94,1.608,1.49,0,0.6467089542434601,13.270494021682707,2051.0,276.79500566596937,43409.60064415618,77.23456248328152,1.2972259669104285
94,False,95,4.144,2.345,0,0.6467089542434601,8.062333257498514,1359.0,450.20941043375916,53303436.04127058,1375.178029737495,1.1911882985807138
95,False,96,1.8760000000000001,2.345,0,0.6467089542434601,13.025694712682615,1927.0,311.16525570048987,29656471.704229765,115.34030827671322,1.355269414413689
96,False,97,1.608,1.2080000000000002,0,0.6467089542434601,23.68710376979033,3467.0,161.13882502944006,18101.77946679642,32.7687508408359,1.3688466964368713
97,True,98,4.144,0.55,0,0.6467089542434601,25.43526271022357,4000.0,153.26432861773253,20901.278688444974,25.778416113244013,1.273586814812898
98,True,99,1.8760000000000001,1.49,0,0.6467089542434601,27.777224798582196,4000.0,146.59385124252498,13559.65987311912,41.678015964290594,1.39067906461833
99,False,100,0.268,0.8320000000000001,0,0.6467089542434601,11.415902520072768,2935.0,186.99421948783367,17808.976123869976,58.10239246496477,0.7806467893215602
100,False,101,1.8760000000000001,0.738,0,0.6467089542434601,18.119403375250585,2709.0,201.6791379788364,26155.478019443253,43.839791801696904,1.3402089273770612
101,False,102,8.536,1.396,0,0.6467089542434601,12.702088422335999,2271.0,272.1539929897578,72423.0733734162,330.69861799605997,1.1222547212110658
102,False,103,8.536,2.516,0,0.6467089542434601,8.428984555865673,1437.0,432.109129883382,23044048.691686336,678.8023763476264,1.1788821677410009
103,False,104,1.072,1.302,0,0.6467089542434601,7.951952628666122,1387.0,403.0080409337282,68330.01887837015,683.8584432098011,1.152249755049962
104,False,105,7.071999999999999,0.55,0,0.6467089542434601,9.399721851436007,1769.0,342.49657954695806,308658.3058034539,57.696153106526396,1.066742288265683
105,False,106,9.268,0.8320000000000001,0,0.6467089542434601,6.130273500332099,1605.0,369.78860732667084,197747.1445208743,283.9074125424005,0.7686964946638085
106,False,107,7.071999999999999,1.832,0,0.6467089542434601,12.00349872820587,2127.0,298.87461078267137,28288582.870029874,382.9042804668585,1.132547582868458
107,False,108,6.34,0.644,0,0.6467089542434601,9.56914540107855,1745.0,344.46664970209014,418716.3717598993,160.1045040410431,1.1006980492585872
108,False,109,2.412,1.661,0,0.6467089542434601,17.054122822680572,2943.0,199.21507596614902,98997.6351325435,212.90043767052163,1.1616849042027313
109,False,110,2.68,2.345,0,0.6467089542434601,12.504909927286985,2017.0,309.5087620070187,42079265.729926296,211.87087525930508,1.2436943083924872
110,False,111,7.804,1.832,0,0.6467089542434601,8.576124409739379,1679.0,374.29843704443664,22283492.897296365,208.5958980980816,1.0254609026892425
111,False,112,10.0,2.003,0,0.6467089542434601,8.004274551500169,1359.0,450.02946735962416,4369583.57573967,929.7390755957497,1.1831722413344878
112,False,113,2.144,1.832,0,0.6467089542434601,17.4291539720404,2767.0,211.72505625450268,109656.6177937547,183.8844367251175,1.2627892672711305
113,False,114,8.536,1.302,0,0.6467089542434601,6.17081869929471,1619.0,372.8138033964164,222364.4367649811,88.20614834367373,0.7667736040687961
114,False,115,9.268,2.858,0,0.6467089542434601,6.330762896458608,1823.0,349.95202352522017,66536741.7354636,4330.8197429499605,0.6983015426874344
115,True,116,0.268,2.858,0,0.6467089542434601,13.948736779141695,4000.0,149.21688961560085,7357.692501087318,64.84018408066369,0.6992892331379299
116,False,117,4.8759999999999994,3.2,0,0.6467089542434601,10.226980403533727,1790.0,355.78181255820977,76153110.43673703,418.60729019262635,1.1467688053160807
117,False,118,3.412,1.114,0,0.6467089542434601,25.3023315744386,3971.0,153.7311169413294,26438.310510495743,15.347759222067651,1.2764496648845471
118,False,119,0.536,1.661,0,0.6467089542434601,8.497054510680485,2527.0,215.27111986541104,20561.87570982616,54.86801409672007,0.6753819485267549
119,True,120,2.68,1.49,0,0.6467089542434601,25.793671948867964,4000.0,150.6353945164463,19446.922156164674,5.327645710991129,1.2915063807668186
120,False,121,5.6080000000000005,1.832,0,0.6467089542434601,10.752724523219467,2355.0,264.45939370889863,202873.62647413497,188.94327759164761,0.9161548391977858
121,False,122,0.536,0.55,0,0.6467089542434601,7.735645646011901,1389.0,406.3765124395318,78809.59229631447,172.8503653444174,1.1192790235942736
122,True,123,2.68,1.396,0,0.6467089542434601,25.96824454216217,4000.0,150.1100751001034,19148.89561961032,5.613670249798561,1.3002345740218657
123,False,124,2.412,1.832,0,0.6467089542434601,24.40244694196041,3525.0,170.6016530466484,24350.583539531104,155.15360954827406,1.3869137506987559
124,False,125,4.144,1.396,0,0.6467089542434601,11.359278040064645,2607.0,225.42878761771493,324628.8003373233,45.2677249503165,0.8743402541555249
125,False,126,3.412,2.6870000000000003,0,0.6467089542434601,8.385535693085336,1397.0,440.99579137412735,98137726.65505265,505.0859611223377,1.20539251086657
126,False,127,6.34,0.8320000000000001,0,0.6467089542434601,9.500272669730768,1753.0,346.47631040258443,336619.357309181,109.53450524631808,1.088318101618119
127,False,128,1.8760000000000001,2.858,0,0.6467089542434601,9.677634433509406,1501.0,405.5651266602517,59641044.85202832,406.72588582429466,1.2936593350678265
128,False,129,2.68,2.6870000000000003,0,0.6467089542434601,7.835188259013154,1311.0,461.1455820871652,6154587.660403552,705.1359719263229,1.2012412926248988
129,False,130,1.072,1.661,0,0.6467089542434601,7.9372625363665374,1381.0,407.1383996669474,69110.03064532657,679.7051709726786,1.1554635915990814
130,False,131,0.268,1.302,0,0.6467089542434601,7.663391606430327,1367.0,408.2234266658711,81672.83456878497,101.97156665787607,1.1262267884294666
131,False,132,0.536,1.2080000000000002,0,0.6467089542434601,7.806056269021674,1381.0,409.63622320729553,74297.7350980933,106.67241155375523,1.1359599481349758
132,False,133,1.608,1.832,0,0.6467089542434601,14.08185764701858,2015.0,295.5350763953602,134433.85890270435,141.88922035174258,1.4008934239378754
133,False,134,0.268,1.661,0,0.6467089542434601,8.69518449886282,1461.0,379.4321397827472,69118.51983814339,74.31355897629743,1.1949824400264033
134,False,135,6.34,1.396,0,0.6467089542434601,9.169127071128306,1811.0,352.7523816632849,425512.7348748522,202.3500968729841,1.0165478904691334
135,False,136,3.412,1.396,0,0.6467089542434601,19.82585817174062,3343.0,183.01172120975326,140199.42737295086,30.936580046203108,1.1880146737197794
136,False,137,4.144,2.858,0,0.6467089542434601,9.000226066496435,1495.0,413.8046155143747,57703205.61420517,418.9865675551983,1.2089316799553895
137,False,138,5.6080000000000005,1.114,0,0.6467089542434601,13.42444723407218,2255.0,271.18830129419473,247129.258466758,36.27278006622026,1.1938803127815012
138,True,139,1.8760000000000001,1.396,0,0.6467089542434601,28.725275974799622,4000.0,145.67530476009588,14662.684771481905,31.01449552436409,1.4380792534197582
139,False,140,6.34,2.516,0,0.6467089542434601,8.196667732794563,1403.0,438.90857791657874,17053377.736857142,1045.2166376831492,1.1731606932105467
140,False,141,4.144,1.114,0,0.6467089542434601,14.11586129433918,2543.0,235.87730837531052,1553448.9214947044,41.17184290178836,1.1128800493153037
141,False,142,1.072,1.02,0,0.6467089542434601,7.960063483513823,1387.0,402.2808926723212,69651.21857786058,677.3338166384904,1.153419477410461
142,False,143,9.268,1.49,0,0.6467089542434601,15.670744763950932,2733.0,235.71526630758888,98041.547805648,210.06179568006783,1.1497944617775175
143,False,144,5.6080000000000005,2.174,0,0.6467089542434601,8.11619936059761,1371.0,445.24676384891455,4677869.2232271815,864.1373989780938,1.1889685817217743
144,False,145,1.8760000000000001,2.174,0,0.6467089542434601,14.057972783506573,2063.0,287.3653153095674,49214.63528864179,126.9911563606099,1.3666589059877847
145,False,146,2.68,2.174,0,0.6467089542434601,8.307348621249131,1725.0,350.5726301176077,23656775.96423896,400.60560635736016,0.967210917257714
146,False,147,1.34,0.8320000000000001,0,0.6467089542434601,8.022010135409289,1333.0,417.9477818996698,73834.70749983503,676.6335235021812,1.2094473751890265
147,False,148,7.071999999999999,1.302,0,0.6467089542434601,10.519868959286804,1647.0,363.6109720584557,68256.6097627143,291.9035542335263,1.2815751556368955
148,False,149,2.412,1.396,0,0.6467089542434601,15.506117970903164,2887.0,198.43031538348183,23606.302855265454,44.98906363747521,1.076444954553808
149,False,150,0.268,0.55,0,0.6467089542434601,7.076910219376633,1967.0,256.7247556915012,39377.85809439113,35.330036464622715,0.7230342878280188
150,True,151,0.268,3.2,0,0.6467089542434601,15.928659833200495,4000.0,150.97161636343125,7443.287596731557,118.05736148704749,0.7982804362807054
151,False,152,4.144,1.49,0,0.6467089542434601,18.70062611822381,3129.0,194.59991146170609,50859.19553490656,109.37674791772659,1.1977228054380789
152,False,153,4.8759999999999994,1.302,0,0.6467089542434601,11.26563178581611,2039.0,301.90307198226236,707168.489306165,177.61493146017395,1.108935441839243
153,False,154,1.608,0.738,0,0.6467089542434601,17.87656076880762,2761.0,199.40061655212241,29357.200816590277,48.49629025356617,1.297668087045386
154,False,155,3.412,1.832,0,0.6467089542434601,9.391625774077356,1532.0,392.2832915796035,98266.8409525264,215.44369338461783,1.230827952868727
155,False,156,1.34,1.2080000000000002,0,0.6467089542434601,15.276813855202679,2243.0,245.95823017461163,30457.953776023456,67.7089194026465,1.3654209190491085
156,False,157,0.268,1.832,0,0.6467089542434601,6.8800348605931605,1829.0,289.2695605151094,39702.710802634174,196.46713848205522,0.7566205877112481
157,False,158,5.6080000000000005,0.8320000000000001,0,0.6467089542434601,9.681892966237092,1749.0,347.1795368788274,307237.3217168103,136.13955490037708,1.1114511308276152
158,False,159,8.536,0.8320000000000001,0,0.6467089542434601,19.040153754033142,3277.0,193.50860047654186,158241.23727354835,69.34288731521414,1.1644937390519223
159,False,160,6.34,1.49,0,0.6467089542434601,9.86617909201476,1933.0,322.4478306327754,58718.14975489242,184.8329589637821,1.0250389427515767
160,False,161,0.0,1.302,0,0.6467089542434601,7.473928611931673,2029.0,253.31821999243252,38106.0492859553,73.09665645331053,0.7402124344484502
161,False,162,0.804,0.8320000000000001,0,0.6467089542434601,7.893664632150414,1434.0,390.3164958273301,66146.96490333855,689.4725853457422,1.1060398556687587
162,True,163,1.8760000000000001,0.926,0,0.6467089542434601,28.06842691675159,4000.0,141.55775809566146,13685.275124896089,19.61217424141919,1.405238442557902
163,False,164,1.608,2.6870000000000003,0,0.6467089542434601,10.127686605623119,1555.0,387.37125660881424,48888794.11075598,217.1058707914806,1.3069470016036209
164,False,165,7.071999999999999,2.858,0,0.6467089542434601,8.191898529557822,1419.0,442.5276683645401,22718979.053969536,4074.4561697216827,1.1600853823524198
165,False,166,4.8759999999999994,1.396,0,0.6467089542434601,22.224454391324755,3747.0,169.90532581587632,91555.49506371203,39.814264999255855,1.1883314596015755
166,False,167,7.804,0.644,0,0.6467089542434601,9.09493793750789,1875.0,329.5677709939629,589454.9088492342,94.97261640674408,0.9744649072085694
167,False,168,10.0,1.02,0,0.6467089542434601,11.960974507084018,2130.0,295.3056351421601,113464.33106103574,63.81596433686632,1.12653475541598
168,False,169,1.34,0.55,0,0.6467089542434601,8.562883345194784,1405.0,405.4656175467089,79826.6372125865,233.13913537377513,1.224114790498863
169,False,170,0.804,1.396,0,0.6467089542434601,7.84154122477592,1367.0,418.7640829403745,78222.09005713693,70.80214038349091,1.151942748190975
170,False,171,1.608,1.114,0,0.6467089542434601,8.843221763298285,1433.0,392.9462024747895,59953.07435599829,672.4679343578778,1.2386288613875094
171,False,172,0.804,2.345,0,0.6467089542434601,6.139596893286518,1476.0,377.1150334951517,59405.05277650423,84.96885092830323,0.8369250868631498
172,False,173,8.536,2.6870000000000003,0,0.6467089542434601,8.209705572531345,1403.0,457.45007797432334,37827969.356194094,1010.8803299480462,1.176191207270623
173,False,174,4.144,2.174,0,0.6467089542434601,8.000247830114766,1349.0,448.81190675499846,4203528.44165803,1210.4796961558313,1.1915201605344097
174,False,175,1.072,2.345,0,0.6467089542434601,9.132527867181967,1471.0,384.6783912699157,69156.16414498669,146.31254883529118,1.246808299120604
175,False,176,3.412,1.02,0,0.6467089542434601,19.427635115218656,3075.0,192.27804791233123,28496.424727715137,15.199333213074164,1.2658764575712833
176,False,177,0.536,2.345,0,0.6467089542434601,11.825692876726167,3879.0,146.38365432586676,8821.345720373287,46.7812323989236,0.6117698045367571
177,False,178,1.608,0.55,0,0.6467089542434601,16.593408227787286,2497.0,219.93334087433558,33399.52610386883,72.26065683036434,1.3324111040410442
178,False,179,1.8760000000000001,0.8320000000000001,0,0.6467089542434601,8.83199597646776,1433.0,388.94971531644927,59790.42639044082,664.655986675873,1.2379264688510705
179,False,180,7.071999999999999,0.8320000000000001,0,0.6467089542434601,9.447925314713293,1769.0,349.28154533166395,327612.06004594977,66.73640161957987,1.072675843895033
180,False,181,1.072,3.029,0,0.6467089542434601,10.066069085379883,1720.0,328.7167928150297,47583.68628906012,127.93678482621971,1.1747257595896008
181,False,182,7.071999999999999,2.6870000000000003,0,0.6467089542434601,8.221682338469662,1408.0,455.1900821084724,30536381.40916477,1145.7991500068374,1.1730477931146028
182,True,183,2.412,0.926,0,0.6467089542434601,26.836643119412823,4000.0,146.03098524111377,16113.533879598905,33.92380369677178,1.3436523319964964
183,False,184,2.68,1.02,0,0.6467089542434601,14.591825610828902,2538.0,230.2179931730929,30559.82287584248,38.548018929869045,1.1527517755639274
184,True,185,0.536,0.926,0,0.6467089542434601,16.660236772940248,4000.0,139.9171435829064,8035.100545978125,20.648856024575966,0.8348574544167837
185,False,186,0.0,0.8320000000000001,0,0.6467089542434601,5.551089719526341,1525.0,352.0524529209629,60348.08439885867,69.3926516193348,0.7327700134229391
186,True,187,0.268,3.029,0,0.6467089542434601,14.568547614581533,4000.0,152.0211004097054,7541.561616537348,124.90766991117027,0.7302782254603033
187,False,188,0.804,0.926,0,0.6467089542434601,7.545534469159365,2161.0,246.7285185598101,32633.959154171705,101.10693120579263,0.70189574620611
188,True,189,2.412,1.114,0,0.6467089542434601,27.053607433507466,4000.0,146.23195812667382,14244.17715703902,19.720541137539648,1.354500005317561
189,False,190,8.536,0.644,0,0.6467089542434601,13.78902356190699,2409.0,255.56311289430423,62184.18569666258,73.49669986011445,1.1474498535070103
190,False,191,5.6080000000000005,2.345,0,0.6467089542434601,8.155774026525398,1403.0,426.8462590155633,6825068.557195705,937.60318400481,1.1673345489921167
191,False,192,6.34,1.114,0,0.6467089542434601,11.324211813542464,2041.0,301.321115053181,741514.7426861537,122.90251571092895,1.1128265412726508
192,False,193,4.8759999999999994,1.49,0,0.6467089542434601,8.410839574968975,2030.0,288.0294310403229,176656.75261515554,121.62685547080505,0.8322910794818433
193,False,194,2.68,1.832,0,0.6467089542434601,13.807289991700332,2167.0,274.2670251219103,16440749.443650115,111.87129507709105,1.2781607426654462
194,False,195,4.144,3.029,0,0.6467089542434601,8.141523294136217,1381.0,435.0258547406645,54361778.65917535,969.0099705872328,1.1838573551869327
195,False,196,0.536,3.2,0,0.6467089542434601,7.864214600044756,2197.0,250.85116598427336,26569.358583254336,139.0179085752877,0.7193410808280641
196,False,197,4.144,1.02,0,0.6467089542434601,20.257043887134788,3285.0,183.66360333618854,81997.49122055972,24.14609616078821,1.2354532817915291
197,False,198,1.608,0.644,0,0.6467089542434601,12.21949802366408,1873.0,294.36160774356995,41979.566172195,90.75701975349978,1.3086958356304526
198,False,199,4.144,3.2,0,0.6467089542434601,6.622210660041455,1189.0,513.7485022669626,85659722.28233035,657.6731976907444,1.1198852922300586
199,False,200,7.804,3.029,0,0.6467089542434601,10.46869050577464,1912.0,353.8321729242096,96446346.04605821,338.1235198773634,1.09888481106846
200,False,201,10.0,0.644,0,0.6467089542434601,10.493182549273993,2235.0,266.31408916453756,43006.271102840496,69.77012662067027,0.9420278846163131
201,False,202,2.144,0.55,0,0.6467089542434601,13.063237772124364,1997.0,277.59501629721507,41424.1746725358,55.031360475536424,1.311541189806342
202,False,203,2.68,0.8320000000000001,0,0.6467089542434601,15.121357307502642,2481.0,230.89173648742303,55459.10465639637,37.51801306784104,1.221818689478154
203,False,204,8.536,3.2,0,0.6467089542434601,6.6799746459068885,1193.0,508.7535746135708,104224419.67490448,1426.724384397522,1.1263785745737058
204,False,205,0.804,1.2080000000000002,0,0.6467089542434601,8.015978452861074,1401.0,401.33007593220725,67199.1538442369,140.1345367663388,1.1502036026437248
205,False,206,0.536,1.49,0,0.6467089542434601,11.699513864945162,3508.0,160.5092519173437,11537.579653453435,61.72352929970896,0.6691329478249392
206,False,207,0.804,2.516,0,0.6467089542434601,5.794823273633076,1525.0,361.1514239453809,54300.82455792876,225.46054925801158,0.7648269664940288
207,False,208,3.412,2.516,0,0.6467089542434601,7.855027958992093,1351.0,441.8455054303811,18943461.090877328,1148.3547813369107,1.168088668320625
208,False,209,1.608,2.174,0,0.6467089542434601,14.744917634936762,2161.0,267.174593757418,37920.399474769045,135.85827328236002,1.3678786719523064
209,False,210,8.536,1.661,0,0.6467089542434601,8.793754258961307,2097.0,294.8796956337513,66521.34937186027,1454.3629177279633,0.8421380215326291
210,False,211,7.071999999999999,2.174,0,0.6467089542434601,8.042962091210741,1372.0,435.5837991143359,5416364.435135843,1147.4250259204373,1.1777742696488942
211,False,212,1.608,3.2,0,0.6467089542434601,11.343590301431046,1721.0,352.81562957111845,83237287.67590737,105.38234484407158,1.3227960802279426
212,False,213,3.412,2.345,0,0.6467089542434601,9.341517682637667,1435.0,420.7785251529197,90889.08426266164,314.5097317788625,1.307032449203982
213,False,214,0.0,1.661,0,0.6467089542434601,5.816590425193173,1469.0,371.7997246308378,64059.75104714878,103.5705288008683,0.7971592589928658
214,True,215,3.412,0.738,0,0.6467089542434601,25.756571195939628,4000.0,150.42819670478212,18549.063821950516,21.942971546191174,1.2896514358676472
215,False,216,7.071999999999999,0.738,0,0.6467089542434601,9.582013489747784,1805.0,335.7088984446233,325665.22294233646,69.32990356621711,1.0655472599244993
216,False,217,7.804,2.345,0,0.6467089542434601,8.202959851106392,1405.0,437.02059789511594,32239364.59608782,1045.2595513763865,1.1723868294148034
217,False,218,8.536,0.55,0,0.6467089542434601,15.685727833659046,3351.0,183.5425655483011,34639.138349818815,70.54573042276364,0.9381548333241316
218,False,219,2.144,0.926,0,0.6467089542434601,17.399888448622033,2563.0,221.72345863423507,34931.461526878054,30.05492351030225,1.360614514784282
219,False,220,6.34,2.003,0,0.6467089542434601,8.058524158585952,1367.0,443.9656779667752,1171659.491281776,944.5054532787508,1.184704613906392
220,False,221,1.608,2.003,0,0.6467089542434601,16.469439685167554,2391.0,241.7811784783876,37829.832202895384,53.65509380327071,1.380545860836352
221,False,222,10.0,3.029,0,0.6467089542434601,8.173975362827914,1401.0,473.5628997337083,83535917.28339306,773.1761654387835,1.1727681427703778
222,False,223,0.804,3.029,0,0.6467089542434601,7.713600876495295,1817.0,351.80104339215103,153388.74972169448,166.3422428835894,0.8530150819132841
223,False,224,8.536,0.738,0,0.6467089542434601,9.431785691689004,2203.0,274.89312994515944,126780.74966404705,103.41950087149736,0.8593042526806388
224,False,225,2.144,2.003,0,0.6467089542434601,9.28248055492178,1467.0,411.1011333370463,49861143.64083991,327.76593090751237,1.2701318789550071
225,False,226,10.0,0.926,0,0.6467089542434601,6.416941597366978,1733.0,338.74587636394307,500889.17667783814,674.2306590747587,0.744743137212134
226,False,227,0.536,2.858,0,0.6467089542434601,7.421622577578872,2925.0,205.56215858462986,14632.727223157022,62.36940428762329,0.5101470216407669
227,False,228,0.0,2.6870000000000003,0,0.6467089542434601,5.8366873356901685,1771.0,308.0214876921316,42778.762560934236,141.35248526348596,0.6631784272455269
228,True,229,0.0,0.55,0,0.6467089542434601,17.340721520239278,4000.0,136.39902300525205,8800.861695634849,43.18981723609597,0.8688799906549208
229,False,230,9.268,2.174,0,0.6467089542434601,8.269571738291015,1429.0,419.7050058161535,15093783.850730382,1000.1290398114304,1.1625131417773913
230,False,231,0.536,1.02,0,0.6467089542434601,7.845714681597919,1371.0,417.0768469081908,75575.28559716171,131.69138668192616,1.1495278294616889
231,False,232,0.804,1.661,0,0.6467089542434601,7.870257641762482,1407.0,404.9609760983384,62386.743324449504,684.9912016906552,1.1237750198398142
232,False,233,1.8760000000000001,1.114,0,0.6467089542434601,23.37707146280665,3315.0,172.1041321668733,22117.656886134628,32.08664717460149,1.4124031026457693
233,False,234,6.34,1.02,0,0.6467089542434601,9.515851731812072,1723.0,358.3251295511724,211086.1820691384,122.83904542403776,1.1089493795313283
234,True,235,1.072,2.6870000000000003,0,0.6467089542434601,22.06578511740716,4000.0,140.00398164478023,8896.928217849922,70.46935910769422,1.105121358444908
235,False,236,7.071999999999999,1.396,0,0.6467089542434601,9.017451708775766,1920.0,330.0240338625564,479383.3173967949,226.27194101137886,0.9431516385404352
236,False,237,9.268,0.738,0,0.6467089542434601,16.0845715318614,2900.0,216.987888999434,121581.05948410931,82.83853485013562,1.11180737223056
237,False,238,3.412,0.55,0,0.6467089542434601,17.89806182943445,2771.0,213.4444359416549,27670.53464991103,33.55344107568488,1.294723814501437
238,False,239,5.6080000000000005,1.302,0,0.6467089542434601,9.151493144285626,1813.0,348.3417663458787,440128.694104605,203.00175470597625,1.0133701276065583
239,False,240,4.144,0.926,0,0.6467089542434601,13.209325639792741,2409.0,253.67384365684052,285206.63888339954,32.61295679314225,1.0997984900494115
240,False,241,4.8759999999999994,2.345,0,0.6467089542434601,12.356739221744588,1917.0,327.20853398971,22258933.355617113,322.0554080079212,1.2935176784173954
241,False,242,1.34,3.029,0,0.6467089542434601,8.029921479627626,1351.0,427.97029610868026,71618.93593791145,707.7194087343254,1.1946792022031665
242,False,243,1.608,1.02,0,0.6467089542434601,14.050024612237168,2097.0,270.79599023886766,39039.769555346276,40.58403568966961,1.3438683377934488
243,False,244,5.6080000000000005,1.02,0,0.6467089542434601,15.064357897446039,2781.0,220.8700746137648,1858485.948883276,106.39459610256769,1.0860916986910871
244,False,245,10.0,1.2080000000000002,0,0.6467089542434601,5.883758770596446,1623.0,366.59660492754927,224840.6641957193,660.673934380574,0.7293393205378522
245,False,246,0.804,1.832,0,0.6467089542434601,13.568162242820176,3643.0,144.82558391984153,10873.000938485866,57.05614436794929,0.7467568285220509
246,False,247,2.144,3.2,0,0.6467089542434601,13.749873526301267,2215.0,278.0479544099419,55545.55788988979,81.71947707793865,1.2451567505782712
247,False,248,2.68,2.003,0,0.6467089542434601,12.520482244371864,2744.0,213.2961414799421,18953657.76022229,232.53795307572705,0.9152561341902856
248,False,249,1.072,1.832,0,0.6467089542434601,10.173119467774416,1727.0,327.165038881756,46539.02347373835,195.09109734978463,1.1826345425787241
249,False,250,4.8759999999999994,1.2080000000000002,0,0.6467089542434601,16.923243718802468,2731.0,224.81797262634026,41528.454664728386,97.43361379110719,1.2423814013812022
250,False,251,7.071999999999999,2.003,0,0.6467089542434601,8.032356880568651,1362.0,439.54153055243216,402481.63375832775,1025.3913126406098,1.1848633171955645
251,False,252,6.34,0.926,0,0.6467089542434601,9.383294633122734,1757.0,349.3761450008854,417436.6073174376,154.39321000880844,1.0725229742683495
252,False,253,2.68,3.029,0,0.6467089542434601,6.765477435428357,1745.0,340.4519077862035,30010753.24372739,206.4005094147673,0.7800074075073319
253,False,254,2.412,2.003,0,0.6467089542434601,10.580779784910993,1627.0,364.9872729422226,97319.3557566372,246.78381949483227,1.3044873412482607
254,False,255,2.68,1.2080000000000002,0,0.6467089542434601,22.14494685886132,3283.0,179.94762815596522,20796.833815042493,28.04903058192173,1.3509557875588498
255,False,256,0.268,2.003,0,0.6467089542434601,14.491341034210205,3929.0,143.12946477746544,9221.873462104291,86.73010289724569,0.7395443452642018
256,True,257,0.536,1.396,0,0.6467089542434601,17.448423362816857,4000.0,142.95824589553777,7797.071309724698,27.942881295703536,0.8742648135426548
257,False,258,4.8759999999999994,0.738,0,0.6467089542434601,9.449285122074489,1723.0,347.19190944329216,264529.5584723009,114.97985661049721,1.1010947417507917
258,False,259,4.144,2.6870000000000003,0,0.6467089542434601,9.586907616649313,1543.0,409.9234225659585,40234105.47876237,217.78495055121604,1.2467169416449784
259,False,260,6.34,0.55,0,0.6467089542434601,9.347378358454216,1744.0,346.8307916940583,263757.2486101531,117.33084664385441,1.0761524517033163
260,False,261,1.072,0.8320000000000001,0,0.6467089542434601,7.955537430102439,1391.0,399.46251632488264,70836.73760566648,711.8466571790789,1.149616655106105
261,False,262,0.804,1.114,0,0.6467089542434601,8.434482324248314,2415.0,226.3829747920668,25458.037290361568,51.40275298187214,0.7016339128033338
262,False,263,9.268,1.02,0,0.6467089542434601,10.900223006043198,2087.0,301.9808211102948,330582.5369306955,84.45737728668416,1.0476982929975691
263,False,264,1.8760000000000001,3.2,0,0.6467089542434601,8.911443600685422,1439.0,417.7507152261165,29162244.89329136,187.7888579387896,1.2432885209135272
264,False,265,5.6080000000000005,2.858,0,0.6467089542434601,8.229376460318509,1513.0,411.19852149061546,109285444.01764938,504.87113558978086,1.092956588203151
265,False,266,5.6080000000000005,1.396,0,0.6467089542434601,9.267498820316325,1767.0,357.0888978857164,404395.63555963984,124.7172782902282,1.0528678426303255
266,False,267,0.0,1.396,0,0.6467089542434601,6.6762915016815,1769.0,304.76969432023486,41189.16380517368,127.70176056299104,0.7588199225284985
267,False,268,10.0,1.114,0,0.6467089542434601,6.2574235414744726,1718.0,355.1992514831701,220637.21635977505,81.94152682941194,0.7327634401495794
268,False,269,6.34,3.2,0,0.6467089542434601,9.325668307077894,1823.0,378.60249251723326,143377433.96833292,11906.894056900219,1.0272534810673128
269,False,270,7.804,0.55,0,0.6467089542434601,9.596594444848627,1807.0,337.9233587616452,408582.8683130925,55.94318919130039,1.0662175318392242
270,False,271,0.536,3.029,0,0.6467089542434601,5.785320684431587,1531.0,362.87471781705705,53297.50605217331,217.55193065578968,0.7604894681052594
271,False,272,10.0,2.858,0,0.6467089542434601,8.183307535893599,1395.0,463.98683395877237,57632423.40879397,889.4382399273932,1.1788148420911784
272,True,273,0.0,3.2,0,0.6467089542434601,16.376186208008775,4000.0,150.76722767461303,7479.302494398727,58.518050628887174,0.8206556362611189
273,False,274,2.412,1.2080000000000002,0,0.6467089542434601,14.946625058876275,2257.0,253.90686065125743,30586.53293935141,35.15290657116587,1.3279308961120535
274,False,275,10.0,0.738,0,0.6467089542434601,12.853577375062196,2821.0,211.7872859596917,77266.45259755391,133.3325401651388,0.9140838508058872
275,False,276,4.8759999999999994,1.661,0,0.6467089542434601,13.054379298956569,2303.0,279.27955848965297,226123.0547084281,89.61836397538485,1.1367653444307286
276,False,277,2.412,3.029,0,0.6467089542434601,9.406823663971275,1565.0,389.8930589575428,56863319.09663432,3218.54252714703,1.2071281744403364
277,False,278,1.608,0.8320000000000001,0,0.6467089542434601,12.136824034456415,1877.0,295.66667024072063,39574.9060990345,67.83511564984265,1.2976520152746926
278,False,279,0.804,2.858,0,0.6467089542434601,7.532666312616046,1653.0,396.0372621355837,71323.6798890191,229.51673526211482,0.916071331736002
279,True,280,2.412,1.49,0,0.6467089542434601,27.351716785986685,4000.0,148.26743631663484,15305.727713224174,13.400256475439775,1.369404727705402
280,False,281,7.071999999999999,1.49,0,0.6467089542434601,9.147918790556735,2035.0,296.0691527798552,53257.41224139095,184.07430629744184,0.9029456368237466
281,False,282,7.071999999999999,3.2,0,0.6467089542434601,8.258075163887584,1419.0,458.24648226436693,50982838.19140511,1119.75805812242,1.1697437023036976
282,False,283,10.0,1.661,0,0.6467089542434601,9.398790050279917,1693.0,376.0808789660032,147786.81066308034,978.5943622688693,1.1149027910125404
283,False,284,6.34,2.174,0,0.6467089542434601,8.088874500621701,1377.0,441.99261142886667,4365970.8309085015,1138.3900069232402,1.180680179205581
284,False,285,6.34,1.302,0,0.6467089542434601,11.586314468938555,1801.0,334.6298604021595,68954.04556868976,267.8184661202362,1.2904153687598845
285,False,286,6.34,2.6870000000000003,0,0.6467089542434601,9.389751189407534,1509.0,412.65836219217294,10251216.275485367,989.5413844798128,1.2488406891320074
286,False,287,1.072,1.49,0,0.6467089542434601,7.937300850068116,1382.0,403.9389223563337,68688.13349133807,675.7574162402643,1.1539644078886466
287,False,288,6.34,3.029,0,0.6467089542434601,8.547219072430668,1515.0,413.5380392612684,55346780.50168488,361.9347429263519,1.1337778982145734
288,False,289,3.412,2.003,0,0.6467089542434601,7.768729136635325,1663.0,368.39185729122886,22793263.93400176,2624.2122826383825,0.9391814616801738
289,False,290,0.536,2.003,0,0.6467089542434601,7.15827519471655,2332.0,246.49350423309284,24086.36256534771,49.66019661989922,0.6171016523083993
290,True,291,4.144,1.661,0,0.6467089542434601,23.21745099702866,4000.0,156.6646418607069,81804.43063059961,168.44808870784036,1.162701773405231
291,False,292,9.268,1.114,0,0.6467089542434601,6.421406252915022,1771.0,340.4774517004565,355654.0663646608,672.4884230873756,0.7291886911002143
292,True,293,3.412,1.302,0,0.6467089542434601,25.379181457295623,4000.0,154.56021563248498,17930.04330852676,4.701042184553351,1.2707828923626232
293,False,294,10.0,0.55,0,0.6467089542434601,12.580965516435322,2173.0,280.59351023965917,77242.0200689739,96.16237369442094,1.1614093593453343
294,False,295,3.412,3.2,0,0.6467089542434601,8.26616054317886,1587.0,389.4648760236534,135314865.44424295,916.0746161054981,1.046227506114261
295,False,296,2.412,2.345,0,0.6467089542434601,14.989427224167207,2251.0,267.9593520217544,49357.42828537595,104.33209939248331,1.3351554328759958
296,False,297,4.8759999999999994,2.6870000000000003,0,0.6467089542434601,8.298187493412584,1443.0,436.513436720671,24085843.23653709,492.1323601860887,1.1548814998978645
297,False,298,7.804,2.174,0,0.6467089542434601,9.393643386201102,1504.0,416.0708127390126,8879919.40153938,139.40236243878593,1.2540075201503924
298,False,299,2.144,2.345,0,0.6467089542434601,10.268118547209145,1569.0,377.96863841456855,383165.59181317664,354.6459014747944,1.312849136313242
299,False,300,0.268,1.114,0,0.6467089542434601,7.932210489844541,1377.0,405.5737119183471,80569.57275236023,76.64927061177285,1.1567427667191392
300,False,301,4.144,1.832,0,0.6467089542434601,9.145176440977814,1589.0,380.2439570482337,86131.22713940754,330.38996971153097,1.1556661985688057
301,False,302,2.144,2.516,0,0.6467089542434601,9.389504350893386,1485.0,413.0056653656948,99444513.80190475,626.8438874086531,1.2691507167128993
302,False,303,0.804,0.55,0,0.6467089542434601,7.879052365058612,1453.0,383.11319481922857,67720.93453610886,690.2679078654138,1.0900178353172032
303,True,304,7.804,0.926,0,0.6467089542434601,23.60445388305205,4000.0,158.66605003940006,27465.080076584552,34.657359142046516,1.1820509502475571
304,False,305,0.268,1.2080000000000002,0,0.6467089542434601,7.545280807385862,2100.0,244.7798327133698,31955.295875164164,77.19229345673693,0.7221243672257118
305,False,306,0.536,1.114,0,0.6467089542434601,7.894292340696987,1371.0,398.2360820222885,75115.64444351863,207.82137985703673,1.1571173615678083
306,False,307,9.268,1.2080000000000002,0,0.6467089542434601,5.919191642367479,1661.0,357.69393513105604,251775.326572058,665.2583848745662,0.7173577571312548
307,False,308,4.8759999999999994,0.644,0,0.6467089542434601,9.45367478301916,1697.0,348.97139711725924,233127.0656431256,107.13064251644316,1.1186118981578548
308,False,309,8.536,2.858,0,0.6467089542434601,8.818373659627477,1624.0,400.73505021155813,76235782.25308554,1663.6043678972135,1.0905209743230528
309,False,310,3.412,3.029,0,0.6467089542434601,8.159025760919043,1393.0,427.8175982539008,59210902.20027467,1265.7436789183034,1.1773589390648274
310,False,311,9.268,1.396,0,0.6467089542434601,10.149130456214088,1731.0,360.0794861394099,281477.4051358616,438.52606402340297,1.1765855427424805
311,False,312,1.072,2.516,0,0.6467089542434601,9.624367160050737,1523.0,374.8185820606169,91690.85144135998,262.7220324313147,1.2689932141976208
312,False,313,2.144,2.6870000000000003,0,0.6467089542434601,13.424023716668525,2183.0,282.60471540958537,49301602.60275538,1022.2272616823833,1.2329887240813646
313,False,314,2.412,0.55,0,0.6467089542434601,15.039871162443026,2279.0,250.31898614475247,31714.979555007445,62.72621873868944,1.3231784410087972
314,False,315,1.34,2.6870000000000003,0,0.6467089542434601,9.485957362707577,1455.0,396.7478375995136,58984.05125350957,112.99598662740334,1.3082011724667082
315,False,316,5.6080000000000005,0.644,0,0.6467089542434601,9.582648738206183,1741.0,339.56668220070264,311784.2931074105,92.81095796869916,1.1052844566930795
316,False,317,1.34,2.858,0,0.6467089542434601,9.072897999100043,1419.0,403.6715835297073,66195.49627782812,100.43512476031,1.2833702172066768
317,True,318,1.8760000000000001,1.302,0,0.6467089542434601,28.914135124790324,4000.0,144.13999908066162,13766.335740569737,27.7984650997335,1.447521738795024
318,False,319,4.144,0.738,0,0.6467089542434601,15.662562561052875,2533.0,231.8322296428373,44302.34999625334,30.19323019403722,1.23946551937364
319,False,320,0.0,1.2080000000000002,0,0.6467089542434601,6.95542935263054,2275.0,230.8547216335184,28660.837934550244,81.0621600304428,0.6146226512112968
320,False,321,0.0,1.49,0,0.6467089542434601,9.892419772718043,2889.0,189.93015649123242,16281.425724053828,52.45814774214772,0.6873039137299881
321,False,322,1.8760000000000001,3.029,0,0.6467089542434601,8.85637860770058,1435.0,418.0383943938487,14741997.454911144,285.9274862708247,1.239772202474315
322,False,323,2.412,2.6870000000000003,0,0.6467089542434601,10.410193927235225,1627.0,372.272064399802,14168493.220856575,523.9669713027122,1.2846355711404265
323,False,324,10.0,1.396,0,0.6467089542434601,16.145910174253533,2871.0,226.985358155738,153906.64135662594,269.0677309581817,1.12746672335986
324,False,325,2.412,3.2,0,0.6467089542434601,8.971470209936252,1415.0,425.61360297516,22052069.485189527,964.1279652263736,1.2724883309020372
325,True,326,2.68,0.926,0,0.6467089542434601,26.751349229468197,4000.0,146.4751009398132,16040.583744738291,6.7357912016014,1.339387850723329
326,False,327,0.0,2.345,0,0.6467089542434601,6.182247989512309,1685.0,322.9071075155487,48849.90617122378,65.86717488380786,0.7379280059749441
327,False,328,0.0,0.926,0,0.6467089542434601,8.499112373218244,2443.0,223.1373624519508,25045.336827233463,31.530677368832965,0.699054990670671
328,True,329,2.144,1.114,0,0.6467089542434601,27.659404938586825,4000.0,145.50632205417583,15566.127958256804,32.88488006672049,1.3847883661534854
329,False,330,6.34,1.2080000000000002,0,0.6467089542434601,9.320943353388156,1749.0,360.1043758806112,311020.4447526467,204.21736192473125,1.0698091593779817
330,False,331,0.536,1.302,0,0.6467089542434601,7.407191478075073,1797.0,294.663956961103,44387.79317296137,107.60048789423657,0.8283198321012192
331,False,332,2.144,0.8320000000000001,0,0.6467089542434601,13.229671237854154,2101.0,275.1259384181186,55030.53671275639,54.08534659760848,1.2626016759331655
332,False,333,7.804,1.2080000000000002,0,0.6467089542434601,7.042785038242742,2005.0,284.44495386310706,581879.0391276351,207.6790248250408,0.7061466252212913
333,False,334,1.34,0.738,0,0.6467089542434601,8.021842179033566,1327.0,421.04947419368636,76493.82023438957,671.2163364862948,1.2137935770909574
334,True,335,1.608,0.926,0,0.6467089542434601,27.515557785317718,4000.0,141.11214521259458,14742.819869524648,33.78518078537871,1.377596368089934
335,False,336,7.804,2.6870000000000003,0,0.6467089542434601,8.222824942322678,1411.0,453.43485654352753,21344901.610708807,1275.37475314115,1.1707160027172518
336,False,337,7.804,1.302,0,0.6467089542434601,6.4902915861408665,1763.0,334.45013930039914,525838.5280462942,682.5456957350266,0.7403083192324245
337,False,338,3.412,1.49,0,0.6467089542434601,17.688785364695658,3345.0,181.75887445210216,33205.62020444897,40.099513378741015,1.0598823639790382
338,False,339,4.144,2.516,0,0.6467089542434601,8.246333526706483,1389.0,432.37797818604963,87515451.3791121,1056.871201565372,1.1924687922206367
339,False,340,1.34,2.516,0,0.6467089542434601,8.736050497689153,1394.0,414.18445603717765,91267.60654625649,232.9397754951312,1.2586139249088195
340,False,341,8.536,2.174,0,0.6467089542434601,8.050705980754383,1359.0,447.52601468799315,3154843.795142892,837.1423952164375,1.1898283544578885
341,True,342,0.268,0.644,0,0.6467089542434601,15.095926656440351,4000.0,140.75637420098258,8013.225223347603,38.081364989912025,0.7566458591715568
342,False,343,4.8759999999999994,0.8320000000000001,0,0.6467089542434601,9.990936432593482,1772.0,340.7105002247949,332197.5319702479,69.69297226265708,1.1317778586439389
343,False,344,1.072,1.114,0,0.6467089542434601,7.946956889501102,1387.0,402.8307694951874,69294.87254150871,692.9189977380026,1.1510312905220434
344,False,345,10.0,1.302,0,0.6467089542434601,9.76652614184622,1715.0,353.3423669688761,155552.1888315995,242.99059105337287,1.1436222226404404
345,False,346,1.072,3.2,0,0.6467089542434601,6.2319546540182325,1485.0,379.34658735199883,67588.5654669038,74.19521389250599,0.8445180262484655
346,False,347,4.8759999999999994,1.832,0,0.6467089542434601,10.691664460050417,1785.0,349.62623668978136,4434015.241807818,106.8950666573803,1.2025792011769652
347,False,348,4.8759999999999994,0.55,0,0.6467089542434601,9.263534433573355,1690.0,340.4796512455924,190118.93636900265,117.80661909060969,1.1006131353003892
348,False,349,7.804,1.396,0,0.6467089542434601,8.32740508809824,2087.0,292.6678991429486,831557.5113018905,679.3065454573459,0.8012597951101129
349,False,350,1.8760000000000001,0.55,0,0.6467089542434601,16.105773854762106,2445.0,223.06676246409745,32946.34829557088,67.07118180254561,1.3201014823464663
350,False,351,7.071999999999999,0.644,0,0.6467089542434601,9.173761009900401,1823.0,332.9857432191391,568539.1773534202,62.6078700611627,1.0103661492542582
351,False,352,1.34,1.661,0,0.6467089542434601,8.036264142718311,1341.0,418.6144819944286,67392.5586656133,701.5330160958475,1.203818594836541
352,False,353,1.8760000000000001,0.644,0,0.6467089542434601,13.848157796171705,2113.0,262.1575296243986,35487.678331684314,56.9591039512265,1.3139576995669295
353,True,354,3.412,0.644,0,0.6467089542434601,25.91024124573363,4000.0,149.43356170062677,18970.872747484573,16.8227002436939,1.2973345542014298
354,False,355,2.68,3.2,0,0.6467089542434601,6.472196872719191,1665.0,355.71117241596494,50621545.47697058,595.5170998539501,0.7820692029756855
355,False,356,10.0,2.174,0,0.6467089542434601,8.038490935823539,1363.0,448.8420125666439,28008829.60062975,1015.4302995416864,1.1843727978697576
356,False,357,1.072,1.2080000000000002,0,0.6467089542434601,7.952611961599718,1387.0,402.0801288002689,68607.41166742782,689.5439475509662,1.151348578451013
357,False,358,1.608,2.516,0,0.6467089542434601,9.816344751175318,1540.0,387.94634976353376,7477590.705997287,331.109483852638,1.2795860179230256
358,False,359,0.536,0.738,0,0.6467089542434601,7.536771006922764,1373.0,401.0006758158709,84484.7796565301,120.04832627547,1.1025499533876466
359,False,360,6.34,1.661,0,0.6467089542434601,8.278079406079717,1401.0,428.2425322247335,229107.72429686226,209.63810544801723,1.187127277506064
360,False,361,7.804,2.003,0,0.6467089542434601,8.087748648127256,1363.0,434.3452117483227,1120943.7845104395,1049.2394514630698,1.1924707691484575
361,False,362,9.268,3.2,0,0.6467089542434601,8.488927772692119,1559.0,411.60708058766687,59761734.32463533,211.70552813031352,1.0941453798976202
362,False,363,9.268,0.644,0,0.6467089542434601,12.735184189450916,2743.0,218.45717668295867,94297.62185738908,40.239140393554976,0.9315148309731612
363,False,364,2.144,1.02,0,0.6467089542434601,23.19671366518229,3424.0,168.03989181733047,24686.84551019665,24.744816630588947,1.3570738180033963
364,False,365,2.144,1.49,0,0.6467089542434601,22.08402945658736,3133.0,189.74004520695217,25189.587788323388,60.6075095762863,1.4121785272545804
365,False,366,8.536,0.926,0,0.6467089542434601,6.466594027299122,1745.0,333.718011355368,522936.3086272713,691.9909423722041,0.7455686841070304
366,False,367,5.6080000000000005,2.003,0,0.6467089542434601,8.027500271492068,1359.0,439.57585515963547,4886384.877545761,1073.226007795311,1.1864147461521641
367,False,368,4.8759999999999994,2.174,0,0.6467089542434601,8.058098853172824,1357.0,440.5650067928409,3102856.7562232194,1191.0917017336978,1.192494627489051
368,True,369,0.0,1.114,0,0.6467089542434601,16.263543923842782,4000.0,144.4222427327124,7940.1763378609585,58.760686778010815,0.8150238036444505
369,False,370,9.268,1.302,0,0.6467089542434601,5.926328803528688,1667.0,357.1972523576184,259070.81253171337,665.604423949315,0.7156318666161703
370,False,371,5.6080000000000005,0.926,0,0.6467089542434601,9.811388318788778,1751.0,348.99289437205175,306886.8794308261,77.03850929606884,1.125358260013617
371,True,372,2.412,0.738,0,0.6467089542434601,26.714210078861203,4000.0,144.17137352183906,16642.544505792997,15.711836003639364,1.3375309860362137
372,False,373,4.144,0.8320000000000001,0,0.6467089542434601,14.437610770129854,2327.0,253.4894136664761,54440.70069314901,47.448195356947785,1.2436942987354729
373,False,374,2.412,2.516,0,0.6467089542434601,10.951147319329591,1699.0,353.77957806109987,28442420.616571385,454.4989119116087,1.2940290263989285
374,False,375,3.412,2.174,0,0.6467089542434601,9.468319572248149,1737.0,348.38473562730735,23901933.74464085,1009.0354689594144,1.0947905960035151
375,False,376,9.268,0.926,0,0.6467089542434601,6.444044081699184,1739.0,335.8214110042807,518536.79957661976,682.0083497984436,0.7457191963356861
376,False,377,4.8759999999999994,1.114,0,0.6467089542434601,12.316350050298214,2115.0,287.523729882868,270127.09720595024,43.151589018748304,1.167904823515766
377,False,378,0.536,0.644,0,0.6467089542434601,7.961788996421918,1451.0,368.9047860007851,75205.5477381438,100.25566355891205,1.102927915245022
378,False,379,2.68,2.516,0,0.6467089542434601,8.865417244079955,1509.0,409.2890773861485,44295639.80032964,254.15393394345318,1.179227075090067
379,False,380,5.6080000000000005,3.2,0,0.6467089542434601,6.667452313925924,1193.0,506.7895916295181,92644807.12789483,4868.344690514059,1.123525383173026
380,True,381,0.0,2.858,0,0.6467089542434601,14.357242886132214,4000.0,150.73787250698703,7656.467657269871,18.315093455891308,0.7197135172732474
381,False,382,1.072,2.174,0,0.6467089542434601,8.875630560244229,1439.0,388.8222924648578,69791.38208474871,142.8054037603524,1.239346180908562
382,False,383,4.144,0.644,0,0.6467089542434601,8.990553368740743,2163.0,260.8501109699812,358197.84053966065,92.7755894000558,0.8347943172993312
383,False,384,5.6080000000000005,3.029,0,0.6467089542434601,8.173019397359381,1418.0,460.2408183424572,118360977.7084904,269.7831570649637,1.1579137738273344
384,False,385,0.804,2.6870000000000003,0,0.6467089542434601,7.563050711192963,2481.0,246.26970519108602,527512.1291726896,76.31861412856061,0.61257236331761
385,False,386,9.268,1.661,0,0.6467089542434601,10.09641992918798,2339.0,268.75587500793364,3874894.336179292,1181.1370805874328,0.8665384439538217
386,False,387,0.268,1.49,0,0.6467089542434601,7.730822494784572,1359.0,427.63150381175177,65865.52150139112,218.20807036809632,1.1434456384508307
387,False,388,8.536,1.832,0,0.6467089542434601,7.975368952611142,1397.0,426.515262357243,2663494.9064097907,772.798670672134,1.1470249249157514
388,False,389,2.144,2.174,0,0.6467089542434601,16.600745433457302,2323.0,255.6651182370314,3885461.5732734217,50.84958058124454,1.4323771183117933
389,False,390,4.8759999999999994,2.858,0,0.6467089542434601,12.108408544605545,1933.0,326.13745775697015,25978599.99253989,531.1340841256227,1.2571057459590669
390,False,391,0.804,0.738,0,0.6467089542434601,7.884707756631192,1435.0,390.2716735871828,66676.50580323045,681.4368006842898,1.1043288164875171
391,False,392,1.34,1.114,0,0.6467089542434601,8.400582485371018,1385.0,402.8382340195578,85509.39798116958,204.24790749517345,1.217652187333519
392,True,393,2.144,1.2080000000000002,0,0.6467089542434601,27.15713498698289,4000.0,144.70950019700234,15922.55813802296,39.58519062879913,1.3596761241853892
393,False,394,0.804,1.02,0,0.6467089542434601,12.39070096748352,2284.0,245.8005327551572,26349.230965755687,59.47583563433629,1.0882101515047324
394,True,395,0.804,1.302,0,0.6467089542434601,14.267807578167455,4000.0,139.55291740954308,8028.064161252275,38.6860256887142,0.7152419754521009
395,False,396,2.68,0.55,0,0.6467089542434601,12.050893781657535,1915.0,294.9429202175632,54122.634496308005,91.7514168613788,1.2619940447341509
396,False,397,0.804,0.644,0,0.6467089542434601,7.881426255243918,1445.0,386.26458886884313,67697.4069796512,684.1215719417999,1.0960793672102644
397,False,398,0.268,1.396,0,0.6467089542434601,7.800363583187893,1387.0,410.53004231149765,74753.45113432662,109.77813463763643,1.1298992008127748
398,False,399,9.268,0.55,0,0.6467089542434601,8.37784417935287,2009.0,297.1735941140108,129908.61125239807,75.26562267781813,0.8376223103617039
399,False,400,3.412,1.661,0,0.6467089542434601,17.68882490616889,2735.0,225.6622687143111,811608.70394894,65.29628874445865,1.2959915250053176
400,False,401,6.34,2.345,0,0.6467089542434601,6.888971724451108,1779.0,343.527680073886,34059576.26767988,160.50885121485697,0.7785454532203859
401,True,402,2.144,1.661,0,0.6467089542434601,28.929373650821177,4000.0,149.14009798347348,11584.506172385149,19.976200503527178,1.4482836270021562
402,True,403,2.68,1.302,0,0.6467089542434601,26.317253158816467,4000.0,149.2452621403419,17086.157401451437,12.8962001872787,1.3176841323766608
403,True,404,1.34,1.396,0,0.6467089542434601,28.01966406443271,4000.0,141.46894622858474,11331.755369523768,60.17732174267766,1.402800421842994
404,False,405,0.804,1.49,0,0.6467089542434601,7.891986304068777,1419.0,398.8590261879911,62117.53569748925,677.8680662813614,1.1171785681768176
405,False,406,2.68,2.858,0,0.6467089542434601,7.1150405438090125,1479.0,410.39122253888564,31741968.25180312,203.77595034447918,0.9665929346836888
406,False,407,9.268,2.345,0,0.6467089542434601,8.120810775489616,1379.0,440.651832406303,11761169.268211795,931.2366902145973,1.183772192156112
407,False,408,8.536,2.345,0,0.6467089542434601,9.450765357398176,1531.0,410.6755276342071,16155304.64427638,161.0372180963064,1.2390327148404454
408,False,409,7.804,0.738,0,0.6467089542434601,8.954484608533333,1910.0,317.09734573737524,550811.9218070607,89.02372063561678,0.9414963649234902
409,False,410,1.072,0.738,0,0.6467089542434601,7.966138471095983,1391.0,399.0884284926997,72159.41537240776,713.916061541673,1.150975790041169
410,False,411,9.268,2.003,0,0.6467089542434601,8.006218940452188,1356.0,444.7682275632141,2974784.3874039473,1095.0230188681676,1.186250717195478
411,False,412,6.34,2.858,0,0.6467089542434601,12.547002841686952,2377.0,273.2806940488482,81309703.51129629,735.9078555991241,1.0586985795019122
412,False,413,5.6080000000000005,1.49,0,0.6467089542434601,15.262492428197035,2757.0,226.29997902364326,6533801.363292658,38.03663319713407,1.1095974763253709
413,False,414,8.536,2.003,0,0.6467089542434601,8.013935028026921,1357.0,440.0660455907541,770975.3974504216,1080.1681593689557,1.1870385081641266
414,False,415,7.804,1.114,0,0.6467089542434601,12.018285116283147,2087.0,298.188329901078,72932.09360459298,76.36526034288137,1.1553456913401638
415,False,416,0.0,3.029,0,0.6467089542434601,7.904197123810839,2270.0,253.65205343134625,24247.39556860103,47.995505915048646,0.6996691301790589
416,False,417,0.268,2.345,0,0.6467089542434601,8.821476079298696,1535.0,364.6122005316954,54868.506005982,146.52761953639538,1.1536949149822529
417,False,418,0.0,2.174,0,0.6467089542434601,6.704976064261443,1837.0,297.9770035861523,37048.88530334785,126.31180751273637,0.7337820477867287
418,False,419,7.071999999999999,3.029,0,0.6467089542434601,8.216166325169796,1639.0,386.1317746914292,74348793.59405832,2865.110010335393,1.0071889564392866
419,True,420,2.68,1.114,0,0.6467089542434601,26.163587793026146,4000.0,147.83153358940098,15323.165265539335,8.528253783938395,1.3100012482313528
420,False,421,1.072,0.926,0,0.6467089542434601,7.953745698562792,1389.0,401.3473124152205,70288.82020499645,691.7094059404133,1.1510143844754577
421,False,422,9.268,3.029,0,0.6467089542434601,8.174315859182064,1479.0,424.04713231498744,83869585.4225843,279.5267354796101,1.1100382579118993
422,False,423,2.144,2.858,0,0.6467089542434601,9.130958970448512,1473.0,412.703259781728,42551162.19918037,252.8053074139169,1.2445644283016946
423,False,424,3.412,0.8320000000000001,0,0.6467089542434601,23.862857856856483,3647.0,162.75904548767974,19790.97931134156,9.713566634510718,1.3104838814403144
424,False,425,7.071999999999999,1.2080000000000002,0,0.6467089542434601,9.29801962966177,1803.0,353.7143848150088,289782.8579028073,209.96832590694058,1.0358112506948154
425,False,426,4.144,2.003,0,0.6467089542434601,10.49811328967273,1649.0,369.2120136835946,713172.8043389362,118.86063347167088,1.278003452513668
426,False,427,4.8759999999999994,2.003,0,0.6467089542434601,7.992377419700722,1357.0,453.68181475505725,1017162.9433347688,1493.9039929963974,1.184034885365832
427,False,428,10.0,2.345,0,0.6467089542434601,8.215626145118692,1463.0,416.8830428042747,8469892.040944017,452.1739110345832,1.1285892681483494
428,False,429,10.0,1.49,0,0.6467089542434601,15.087379816181786,2765.0,236.80495567256042,158839.27058416526,312.34603463044584,1.09372528664656
429,False,430,7.804,1.02,0,0.6467089542434601,9.252835428747606,1825.0,346.4877863271991,307107.4563548761,208.3517263411292,1.017588455815803
430,False,431,7.804,0.8320000000000001,0,0.6467089542434601,9.170707232295088,1829.0,342.8825486881468,398700.7529340231,156.30553182897515,1.0068286032304588
431,False,432,2.412,0.8320000000000001,0,0.6467089542434601,22.95575871755393,3567.0,156.0150568282049,18269.173880785533,18.380137228250405,1.2890904238608798
432,False,433,5.6080000000000005,0.738,0,0.6467089542434601,9.759961142486599,1759.0,342.39497046147784,322403.1757565363,76.45274504887375,1.1133759449246632
433,False,434,1.8760000000000001,2.003,0,0.6467089542434601,21.89480476060645,3335.0,175.97644981581158,610096.8834088732,183.66913090225933,1.3150588759719952
434,False,435,0.0,0.738,0,0.6467089542434601,11.592966719312422,2931.0,186.85887477098785,17391.983892630746,57.526436692294645,0.7934720897916232
435,True,436,3.412,1.2080000000000002,0,0.6467089542434601,25.20894127004009,4000.0,153.93523077405814,18299.63861470755,5.248771258683502,1.2622713085790362
436,False,437,9.268,2.6870000000000003,0,0.6467089542434601,8.32421826592968,1421.0,437.6029860568153,20866179.27446135,854.5241870167114,1.1762505892220998
437,False,438,10.0,1.832,0,0.6467089542434601,9.520721313215107,1565.0,404.9213420550844,22116879.91923287,371.3145928380999,1.2215295189859443
438,False,439,4.144,1.2080000000000002,0,0.6467089542434601,17.54035640275306,2989.0,205.64420193548767,73476.62196746276,21.873364435905533,1.1763436776823573
439,False,440,1.34,0.926,0,0.6467089542434601,8.046940418172657,1332.0,418.60790109104926,74829.98990291146,685.0023327358032,1.213734813244714
440,False,441,2.144,0.738,0,0.6467089542434601,17.35106675734544,2635.0,212.8740856201764,35695.437964479985,30.931609155232874,1.320034459136033
