,disc,label,meta_G_GAS,meta_G_SOL,metric_Unnamed: 0,metric_energy,metric_maximize_distance,metric_maxtime,metric_minimize_activation,metric_minimize_passive_torques,metric_minimize_periodic_gait,metric_velocity
0,False,1,1.205,4.8759999999999994,0,0.6467089542434601,9.490481266331756,1701.0,355.3962915612876,184921.0974136977,129.0827692134799,1.1204407854165104
1,False,2,1.205,2.412,0,0.6467089542434601,8.820810193443355,1449.0,394.6951694175896,59176.762497937685,217.43184724171317,1.222544488861923
2,False,3,11.118,3.412,0,0.6467089542434601,22.71531373190492,3679.0,192.3098740958409,15628.259691623272,119.51367469587372,1.2368482770578713
3,False,4,0.974,6.34,0,0.6467089542434601,9.120476288888634,1675.0,357.5235185929756,193140.4719220066,993.5947925777403,1.0933886654415976
4,False,5,1.051,10.0,0,0.6467089542434601,6.938505272742603,1959.0,282.50798465408366,565383.035710279,753.6615901610451,0.7121531692112758
5,False,6,3.9720000000000004,6.34,0,0.6467089542434601,16.580393591216545,3145.0,224.3127737120311,70485.9628290189,20.613554972953345,1.0567303042141083
6,False,7,12.309000000000001,8.536,0,0.6467089542434601,9.465298220012397,2519.0,276.9956913558388,167200.37510679438,203.95646046375057,0.7542698144983427
7,False,8,1.1280000000000001,0.268,0,0.6467089542434601,11.733933689693648,2361.0,217.0798621074308,22897.063184307714,155.7596646677471,0.9970086273012456
8,False,9,3.9720000000000004,0.0,0,0.6467089542434601,9.928034176089175,3125.0,198.78855249597686,14327.9039146107,44.67146735719846,0.6378100063323067
9,False,10,1.436,2.144,0,0.6467089542434601,23.33655386083848,3395.0,171.3462589045291,22650.1845525465,56.60845992553216,1.3771461164020873
10,False,11,0.974,0.268,0,0.6467089542434601,5.729540038819335,1669.0,311.1943050891245,47767.77700412824,96.88937503663486,0.6909413216329021
11,False,12,1.59,1.34,0,0.6467089542434601,8.015863662237036,1337.0,419.6001818590474,67655.0361199481,701.5524298249295,1.2052695054006906
12,False,13,1.436,2.412,0,0.6467089542434601,18.94371629858588,2727.0,215.17930486130402,32646.71749411064,85.77059678607449,1.3923174262040556
13,True,14,8.736,1.8760000000000001,0,0.6467089542434601,27.887523891243358,4000.0,172.2773767057792,10393.130251115834,46.966543980149495,1.3961937435174427
14,False,15,11.118,7.804,0,0.6467089542434601,9.123456024180467,2023.0,340.6451252246684,159496.33818012272,311.5918436458901,0.9058838323970808
15,False,16,1.205,1.8760000000000001,0,0.6467089542434601,8.882444020833502,1431.0,395.4006505583025,60672.007167846816,711.4245297016736,1.2472303123159485
16,True,17,12.309000000000001,1.608,0,0.6467089542434601,28.36700706048048,4000.0,173.28146599869817,9823.845500511134,17.928645660201703,1.4201667033313068
17,True,18,5.163,0.0,0,0.6467089542434601,14.518606038296785,4000.0,166.43276424620302,8207.866455624506,31.17697173071447,0.7277812714937644
18,False,19,9.927,0.268,0,0.6467089542434601,5.740364317167662,1497.0,402.0509868795884,63762.23401342661,119.26919736937492,0.7718556625725462
19,False,20,9.927,0.536,0,0.6467089542434601,5.71173158099162,1555.0,380.3201387930196,60303.51449629626,166.09671987851004,0.7397682390429741
20,False,21,1.1280000000000001,7.071999999999999,0,0.6467089542434601,10.45088184566417,1949.0,315.66739665012176,241275.59691652015,516.7066197862839,1.0758671677623544
21,False,22,1.513,2.144,0,0.6467089542434601,24.136219450539645,3535.0,165.53715906557042,21952.46377079891,42.37426736119483,1.3679247749769472
22,False,23,1.359,8.536,0,0.6467089542434601,12.852289522015235,2287.0,278.30868746180334,97458.48428300793,325.37068414854804,1.1271455661828709
23,True,24,13.5,1.34,0,0.6467089542434601,26.40050327943784,4000.0,170.56908157908498,9427.833732593599,11.131884940564985,1.321846430292834
24,False,25,0.897,2.144,0,0.6467089542434601,12.935507590594733,1955.0,287.99961839776296,51524.904080507644,60.204250295498134,1.3267799921707677
25,False,26,11.118,2.412,0,0.6467089542434601,26.805824688033084,3817.0,185.7059645874627,15383.823877561415,28.546397420563807,1.4063061536506531
26,False,27,8.736,10.0,0,0.6467089542434601,8.85775499041407,1751.0,386.1065620420688,54492.15594876712,166.7249120642078,1.016048219676132
27,True,28,1.359,1.8760000000000001,0,0.6467089542434601,28.479979715070986,4000.0,141.94212477500602,15029.005822195124,44.243272555242484,1.4258150536433158
28,False,29,13.5,0.804,0,0.6467089542434601,6.865372560619407,1813.0,346.21221947477693,43754.24598979302,89.44555786001507,0.7614294874774047
29,False,30,6.354,0.804,0,0.6467089542434601,6.790575634958497,1901.0,328.18135373163904,38449.8867161664,75.50793320668612,0.7181660504637607
30,False,31,1.205,0.0,0,0.6467089542434601,9.333948577133613,2775.0,176.80666842201975,20192.32149867452,42.13207398117004,0.6751942182987173
31,False,32,1.59,8.536,0,0.6467089542434601,10.19683873490582,1835.0,344.75001440658684,110551.84950094807,112.97988183287235,1.1152430977178258
32,False,33,1.436,1.34,0,0.6467089542434601,8.023389751634285,1353.0,411.6190240680786,69133.93695350336,674.2842578213074,1.1908903714706216
33,True,34,7.545,1.608,0,0.6467089542434601,29.42933320968231,4000.0,171.3790412476441,9177.335835762518,28.03006626063561,1.4732803551088056
34,False,35,1.205,8.536,0,0.6467089542434601,10.390707017593915,1951.0,313.76370983657444,3679434.2669129916,418.9347712238873,1.0687081564301029
35,False,36,1.205,0.268,0,0.6467089542434601,5.760105685711945,1571.0,329.52417661443206,54772.71109061656,116.3315542562096,0.7382978299455368
36,False,37,0.82,5.6080000000000005,0,0.6467089542434601,7.167082029250457,1795.0,323.9333609235085,178138.02077024913,575.8758014039812,0.8023195102562526
37,True,38,6.354,1.34,0,0.6467089542434601,25.387911887901964,4000.0,164.56597558726696,12961.416372849895,20.359159316734825,1.271219392067955
38,True,39,3.9720000000000004,1.8760000000000001,0,0.6467089542434601,28.80649910982397,4000.0,167.1757215013871,9807.637587290925,22.97587800796415,1.4421402071232905
39,False,40,0.897,2.68,0,0.6467089542434601,9.096267962494162,1469.0,396.8808677137094,77734.97041943038,258.17247271120124,1.2437384443551531
40,False,41,1.436,4.144,0,0.6467089542434601,15.03876238706954,2669.0,232.26331783456448,733363.1585398186,44.18052493313481,1.129665035210761
41,False,42,1.513,1.608,0,0.6467089542434601,14.915085865795946,2207.0,252.02368684597062,32476.431834285137,40.07685358626964,1.3549141934258715
42,False,43,1.282,8.536,0,0.6467089542434601,10.051604697655018,1787.0,353.9794685620359,241081.97789112828,477.2333109222413,1.129447203683592
43,True,44,5.163,1.072,0,0.6467089542434601,23.227125943844122,4000.0,157.60888905606032,9632.869971971146,56.38879778299114,1.1631854965598465
44,False,45,12.309000000000001,4.8759999999999994,0,0.6467089542434601,23.168650536018337,3702.0,198.8885870366969,17702.606274807422,115.09492840560871,1.2536544599897277
45,False,46,2.781,5.6080000000000005,0,0.6467089542434601,11.554550456384751,2433.0,262.74404711149134,39423.24418704816,50.67133051721275,0.9526871818899622
46,False,47,0.897,2.412,0,0.6467089542434601,10.044005374068245,1549.0,375.4281169639946,76806.51012391063,195.8743729805656,1.3015430605368068
47,False,48,0.897,1.072,0,0.6467089542434601,24.247486316426286,3811.0,129.75924113259788,10469.961926873704,30.137927497416854,1.2744140160199915
48,False,49,8.736,5.6080000000000005,0,0.6467089542434601,15.750001005560913,2953.0,240.9262982594232,33679.180986538464,43.328459688347024,1.0691960028724714
49,False,50,9.927,1.8760000000000001,0,0.6467089542434601,22.34481417241903,3131.0,215.6710362727281,18343.942544260168,23.56846911232224,1.4300128638688168
50,False,51,0.897,0.0,0,0.6467089542434601,9.921825878275754,2061.0,252.920512125288,30562.79954926084,104.96843780279856,0.9665734715767741
51,False,52,8.736,7.804,0,0.6467089542434601,12.844465918596967,2111.0,329.4614823109686,58388.524291140675,53.43125670418031,1.2203688036612854
52,True,53,2.781,1.608,0,0.6467089542434601,29.285389258688078,4000.0,160.409436275219,10177.465078873704,13.464441175011912,1.46608351740098
53,False,54,6.354,0.536,0,0.6467089542434601,5.930880529352227,1841.0,332.72541937738964,41720.36168036416,236.24761721123247,0.6481298406127779
54,False,55,13.5,7.804,0,0.6467089542434601,10.538869587935967,2926.0,240.57831995951423,421939.36262607615,121.49467326020135,0.7228909001974545
55,False,56,1.436,1.608,0,0.6467089542434601,10.655153046502187,1669.0,334.7948412519365,57088.151154878666,138.17988689642974,1.2810471090634008
56,True,57,1.051,0.536,0,0.6467089542434601,14.267341244504989,4000.0,122.89287723550508,8134.906168817449,31.197512164097198,0.7152186599347534
57,False,58,8.736,0.268,0,0.6467089542434601,5.633319921882727,1487.0,395.9395824493358,63333.282444311604,151.265835880087,0.7623426663171348
58,False,59,8.736,0.536,0,0.6467089542434601,6.172063844760388,1895.0,325.9907038480933,39724.60227486008,190.76267677893003,0.6553198625592368
59,False,60,0.82,1.072,0,0.6467089542434601,12.110299122976981,1965.0,253.23072612774067,60244.63806323776,167.5101701624345,1.2358134583751834
60,False,61,2.781,7.071999999999999,0,0.6467089542434601,14.51613851855715,2651.0,251.22655766593346,32747.943469859412,117.56529090816572,1.0978264834736595
61,False,62,0.897,1.34,0,0.6467089542434601,11.016955394443901,1773.0,298.1887088088493,57876.585656667616,86.73674079224463,1.2465835100692724
62,False,63,1.1280000000000001,4.8759999999999994,0,0.6467089542434601,9.593802705389407,1719.0,342.08104826690175,212647.6623210822,127.43680006275507,1.1208599881577692
63,False,64,2.781,2.68,0,0.6467089542434601,13.489918642731235,2072.0,296.45196259362575,66193.72876963034,86.06774662404142,1.3056332222355655
64,True,65,2.781,1.8760000000000001,0,0.6467089542434601,28.28854783715777,4000.0,161.12131536670125,11216.656375946299,20.91372775244891,1.416243938303423
65,False,66,1.205,7.071999999999999,0,0.6467089542434601,6.035313994485817,1681.0,344.0455219777993,182977.52635383626,592.9697509083462,0.7222955717574113
66,True,67,12.309000000000001,2.144,0,0.6467089542434601,27.96118566416878,4000.0,176.8940540977346,10149.011501787338,11.257010232829918,1.399876648018489
67,True,68,8.736,4.8759999999999994,0,0.6467089542434601,26.927849803849696,4000.0,186.78029348711385,17446.094171446803,49.70489063388671,1.3482124382130287
68,False,69,1.359,5.6080000000000005,0,0.6467089542434601,9.517220505655741,1703.0,360.68051654562737,215950.8029052138,135.16167604289942,1.1216067236184992
69,False,70,8.736,0.0,0,0.6467089542434601,7.66814715107442,2403.0,265.940306528387,23983.031211079448,31.331377809936352,0.6410893780304714
70,False,71,3.9720000000000004,1.34,0,0.6467089542434601,9.59692524388017,1521.0,392.8108690223072,62606.04154799331,171.11830591975675,1.2660541940512644
71,False,72,6.354,0.268,0,0.6467089542434601,6.040198773003883,1924.0,324.89107411612736,38088.232326008285,60.253687859636834,0.6317374437017856
72,False,73,2.781,7.804,0,0.6467089542434601,10.582505829336739,2037.0,319.9010014977371,59687.94513719287,86.40717836006685,1.0428370976225467
73,False,74,13.5,10.0,0,0.6467089542434601,17.279777328246045,3533.0,213.21370311820576,30599.290530471317,68.71449404421453,0.9803852185857379
74,False,75,1.282,7.071999999999999,0,0.6467089542434601,15.731330859792562,2965.0,207.55058484719714,46647.53377817577,210.82945623925323,1.0638967772666696
75,True,76,7.545,1.34,0,0.6467089542434601,26.98952538655951,4000.0,167.70455813052882,9872.941509686812,35.25215201110064,1.3512960631672712
76,False,77,3.9720000000000004,0.536,0,0.6467089542434601,7.1254119284082496,2417.0,260.09034475561225,24319.41716017499,53.51684429282136,0.5927314109441504
77,False,78,1.205,1.34,0,0.6467089542434601,7.9768741062385455,1351.0,409.05028741489684,68868.66785114435,697.3721219349429,1.1862968145483874
78,False,79,1.1280000000000001,3.412,0,0.6467089542434601,11.638445541493844,1837.0,313.8489759623509,56062.82615500232,214.2216610626976,1.2712240298687492
79,False,80,9.927,10.0,0,0.6467089542434601,12.946126492931562,2655.0,276.6527192254623,149524.87482397063,23.9269680356073,0.9782906619789404
80,False,81,7.545,7.071999999999999,0,0.6467089542434601,9.064958590837461,1947.0,349.8253020384182,74059.41036281546,45.31696194720847,0.9345693802554912
81,False,82,0.974,2.68,0,0.6467089542434601,8.295608780032468,1359.0,428.0042135970232,99148.94771419103,401.7693825625746,1.2258540677968206
82,False,83,3.9720000000000004,9.268,0,0.6467089542434601,8.185757389794475,1647.0,385.09976223787385,61631.73161470213,344.23554421069184,0.9981192575124
83,False,84,9.927,5.6080000000000005,0,0.6467089542434601,14.307569866605101,2596.0,272.552458938626,34432.750826454096,97.95369744029672,1.1051010738354596
84,False,85,1.59,7.804,0,0.6467089542434601,9.058812868465113,2071.0,290.82302693310965,80908.55185731617,426.68226810949074,0.8783854810077673
85,False,86,8.736,7.071999999999999,0,0.6467089542434601,13.91663455653174,2723.0,261.67497836213465,65423.14642253916,32.06532940081969,1.024776509465004
86,False,87,8.736,9.268,0,0.6467089542434601,16.188118794731814,2809.0,264.20232827919756,40518.287053917586,41.759908132686604,1.155523854692037
87,False,88,11.118,1.072,0,0.6467089542434601,9.469511129367088,1603.0,392.2316027829688,47756.16717206984,187.60235684915776,1.1863312081628357
88,False,89,1.513,1.072,0,0.6467089542434601,7.9307171846426066,1377.0,404.2137991814362,67491.458637747,707.5435996111612,1.156693911669754
89,True,90,11.118,1.608,0,0.6467089542434601,29.651956341523647,4000.0,173.48076649627038,9113.430425806175,14.818126384561973,1.4844109551708686
90,False,91,5.163,0.804,0,0.6467089542434601,9.499687209381529,2777.0,221.4642491218431,17740.489853210296,63.876621490512456,0.6866897820026021
91,False,92,6.354,2.412,0,0.6467089542434601,23.43303208002021,3517.0,192.81672594658986,18346.136694842706,65.89212126749392,1.3345527521961256
92,False,93,5.163,1.34,0,0.6467089542434601,11.267876085698733,1709.0,353.7387374918373,48338.80776010219,120.4040511112923,1.3224497904490429
93,False,94,1.59,1.608,0,0.6467089542434601,11.99294158644356,1827.0,306.9475576566672,55941.87963688922,124.27097193169593,1.3165560034246144
94,False,95,7.545,4.144,0,0.6467089542434601,12.936192497159036,2061.0,329.9542499931996,43066.600339378725,103.80030218984152,1.2583840611067354
95,True,96,7.545,1.8760000000000001,0,0.6467089542434601,28.703421735135823,4000.0,172.45737527872345,9615.953547663092,33.380516541362105,1.4369865960694357
96,False,97,1.359,1.608,0,0.6467089542434601,10.230694812633038,1623.0,340.43722088114447,48423.595955801815,232.2124487560185,1.2652097074276625
97,False,98,0.82,4.144,0,0.6467089542434601,9.659692079264893,1669.0,348.9822069530902,299705.3968193605,117.27109350566064,1.162065818108449
98,False,99,1.59,1.8760000000000001,0,0.6467089542434601,24.53704659845825,3370.0,172.43023207265549,18655.675739245704,40.063243948492996,1.4583581847553728
99,False,100,1.051,0.268,0,0.6467089542434601,6.709084676113433,1799.0,286.437513757602,43665.89267251814,93.96484714190115,0.7499813082441255
100,False,101,0.974,1.8760000000000001,0,0.6467089542434601,19.659922715983544,2886.0,194.2438102412132,26270.151869307345,35.37498224451704,1.3649552968497056
101,False,102,1.513,8.536,0,0.6467089542434601,12.399760493242825,2289.0,283.62951862009896,198748.11270684304,248.2209708868016,1.0870046902722308
102,False,103,8.736,8.536,0,0.6467089542434601,11.366943760388985,2485.0,288.3202465430818,127331.74990542675,44.80563078983089,0.9178825700797888
103,False,104,1.436,1.072,0,0.6467089542434601,7.978976857357267,1401.0,395.14855179151397,65361.39500271546,683.4780383449013,1.144919170266718
104,False,105,0.82,7.071999999999999,0,0.6467089542434601,9.571224154213589,1717.0,351.1194042965745,271665.9998869865,153.07872797283105,1.1187532107420992
105,False,106,1.051,9.268,0,0.6467089542434601,8.414256585216584,1985.0,300.25727568915437,682223.2766995478,1199.995205228874,0.8513299514572622
106,False,107,3.9720000000000004,7.071999999999999,0,0.6467089542434601,15.288826282149179,2817.0,241.71142481453253,730990.8005747778,84.79227368655829,1.0881486301031462
107,False,108,0.897,6.34,0,0.6467089542434601,9.080938764261527,1681.0,354.62627918597417,223432.3288632332,978.8243391952252,1.0847830046528364
108,False,109,2.781,2.412,0,0.6467089542434601,11.258109261015122,2188.0,273.41991630917244,37353.17189419863,102.33808893858044,1.0324336380465071
109,False,110,7.545,2.68,0,0.6467089542434601,25.011823340714198,3625.0,190.20743107247554,15766.36957873088,30.79042969358879,1.382197788090626
110,False,111,3.9720000000000004,7.804,0,0.6467089542434601,14.658132050899358,3303.0,211.21622650558285,262026.3262793061,51.023749067774716,0.8900120653920127
111,False,112,5.163,10.0,0,0.6467089542434601,9.664004121160552,1871.0,351.6235542892434,76928.42664452603,72.78309129013327,1.036733414619721
112,True,113,3.9720000000000004,2.144,0,0.6467089542434601,29.492130804935694,4000.0,168.21808297640925,9499.833907671178,11.685688783885102,1.476420077885336
113,False,114,1.436,8.536,0,0.6467089542434601,11.308872785851054,2025.0,309.0157457793288,273505.31152211624,85.87573434770063,1.1206538230817096
114,False,115,11.118,9.268,0,0.6467089542434601,16.478105952865892,3297.0,228.74568014039247,78806.74147503059,23.938360612066184,1.001750053115776
115,False,116,11.118,0.268,0,0.6467089542434601,5.569788308401709,1531.0,392.5149098191259,59360.017680780125,88.82955518746607,0.7323410580190827
116,False,117,13.5,4.8759999999999994,0,0.6467089542434601,13.221924774547,2065.0,345.1210498940061,39517.315206404295,57.73758902913478,1.2837323988187073
117,False,118,1.282,3.412,0,0.6467089542434601,19.413466854029238,2949.0,199.23172000454517,36207.81907945575,59.905990657249326,1.3193525080976674
118,False,119,2.781,0.536,0,0.6467089542434601,7.5960069655734275,2625.0,238.87377663379812,20314.4533379465,42.54946825862258,0.5815307487183329
119,True,120,1.59,2.68,0,0.6467089542434601,25.81223880547545,4000.0,150.69042109866396,19437.463652114675,5.343311646221392,1.292434677182372
120,True,121,3.9720000000000004,5.6080000000000005,0,0.6467089542434601,26.495226510336074,4000.0,180.5412490644656,15140.068586156924,5.4831488674771975,1.326582355041508
121,False,122,0.82,0.536,0,0.6467089542434601,10.76472090193316,2110.0,234.31843092412498,29045.600707573285,91.01084128744759,1.0238335773656184
122,True,123,1.513,2.68,0,0.6467089542434601,25.517464973008085,4000.0,150.34786897225598,20135.524107788573,5.413064985824691,1.2776967224567413
123,True,124,3.9720000000000004,2.412,0,0.6467089542434601,25.941976614440193,4000.0,166.48063697150957,14126.871507791418,75.18446679904584,1.2989212433023027
124,False,125,1.513,4.144,0,0.6467089542434601,11.843777085911364,2129.0,291.0327938748933,164986.9288051829,150.43851007239667,1.1160552563181425
125,False,126,9.927,3.412,0,0.6467089542434601,23.502861283182696,3507.0,206.64764375458458,29286.9143652442,25.22418932511122,1.3423395367529132
126,False,127,1.051,6.34,0,0.6467089542434601,10.34325765575592,1921.0,307.7945615347892,82421.97244671668,660.9505867069943,1.0806792451183491
127,True,128,11.118,1.8760000000000001,0,0.6467089542434601,27.93341017675304,4000.0,173.8850228980792,11049.876059822698,24.64484539441841,1.3984879430829489
128,False,129,9.927,2.68,0,0.6467089542434601,21.19176541753773,3037.0,231.68399856557411,23536.67776518277,34.56179078263133,1.3983343821889709
129,False,130,2.781,1.072,0,0.6467089542434601,12.608143781202251,2039.0,293.90603762919466,31440.84694328056,88.32516090050564,1.2401579831375478
130,False,131,1.436,0.268,0,0.6467089542434601,8.762213151265657,2395.0,227.7044116890496,24101.521054945566,62.30215309033037,0.7347382753709275
131,False,132,1.359,0.536,0,0.6467089542434601,5.9250612095735375,1547.0,349.47286178306535,53810.368165337335,63.30631506676633,0.7707870194446602
132,True,133,3.9720000000000004,1.608,0,0.6467089542434601,23.907909586110296,4000.0,161.232057423999,21369.80642633867,21.232872297528374,1.1972229767991405
133,False,134,2.781,0.268,0,0.6467089542434601,7.521734105954722,2139.0,271.08867851208765,29805.85292666457,49.67973060043442,0.7066256570205768
134,False,135,1.513,6.34,0,0.6467089542434601,9.416723067027826,2429.0,248.01041426928714,168789.76562482366,205.92159781136138,0.7782738096707189
135,True,136,1.513,3.412,0,0.6467089542434601,25.17669683389839,4000.0,152.0607024241643,19198.851542187112,26.672276202742466,1.2606591673790115
136,False,137,11.118,4.144,0,0.6467089542434601,15.958689452945272,2471.0,292.07954883003816,30193.60473458718,29.391570939347123,1.2947338426384587
137,False,138,1.282,5.6080000000000005,0,0.6467089542434601,11.130778198240412,1923.0,315.8518479921775,393081.364650453,77.57721410306695,1.161935639938758
138,False,139,1.513,1.8760000000000001,0,0.6467089542434601,24.75288764015611,3527.0,164.13492794652728,15486.331088193609,46.230164313680774,1.40576324428745
139,True,140,8.736,6.34,0,0.6467089542434601,26.49979358510221,4000.0,193.3227886993382,14249.410383020224,5.931035858969334,1.3268106973626987
140,False,141,1.282,4.144,0,0.6467089542434601,12.798448182480698,2553.0,222.97191878057555,114532.25808218824,113.21337226960553,1.0051836613416918
141,False,142,1.205,1.072,0,0.6467089542434601,10.190684294411922,1710.0,310.61335721716944,55626.543307887776,139.64866144834363,1.1961678712737862
142,False,143,1.59,9.268,0,0.6467089542434601,12.121620995567255,2665.0,233.0074604724847,67400.23022264661,211.02806886104312,0.9124544625859292
143,True,144,6.354,5.6080000000000005,0,0.6467089542434601,26.768656957438136,4000.0,188.38502922644096,14001.791778733408,5.2263435254061745,1.3402531938546691
144,False,145,6.354,1.8760000000000001,0,0.6467089542434601,23.208802651173304,3199.0,207.23287581374734,18350.444092696478,55.02735793155489,1.453363540108118
145,False,146,6.354,2.68,0,0.6467089542434601,19.54018155937768,3283.0,205.4030455282724,16649.565087237745,61.9899646764091,1.1925399727253594
146,False,147,1.051,1.34,0,0.6467089542434601,23.63715316946281,3788.0,132.19396988449168,21086.356725298505,168.81405091065068,1.2499287441166609
147,False,148,1.436,7.071999999999999,0,0.6467089542434601,15.426971906808848,3255.0,192.00684894429455,69159.3881931595,225.34241582921246,0.9503299379132826
148,False,149,1.513,2.412,0,0.6467089542434601,12.8589757147069,2043.0,283.94155057411973,47759.83253037031,86.74742054807815,1.2624043546944248
149,False,150,0.82,0.268,0,0.6467089542434601,7.162475990008392,2079.0,236.0103055913341,29944.445873775367,59.95624732441426,0.6927288015066073
150,False,151,13.5,0.268,0,0.6467089542434601,5.725745661451793,1521.0,394.0716690878928,59652.9268799456,214.84039174089563,0.7576564788092797
151,False,152,1.59,4.144,0,0.6467089542434601,13.498926843519822,2373.0,263.02978278530543,457488.40333507076,122.56745328013456,1.1406989143315227
152,False,153,1.436,4.8759999999999994,0,0.6467089542434601,17.873303961051317,2937.0,208.58966186614188,56454.155224724265,38.45539228483353,1.2198495630256536
153,False,154,0.974,1.608,0,0.6467089542434601,11.64825670203382,1775.0,313.34866401461124,58031.438876749686,67.27584921271358,1.316881211954496
154,False,155,3.9720000000000004,3.412,0,0.6467089542434601,14.820610519900471,2331.0,278.1934939069227,44665.464864718815,70.66303133615288,1.274410986598579
155,False,156,1.359,1.34,0,0.6467089542434601,8.012077467682918,1357.0,408.89282344300926,69585.9757731927,673.8408658811278,1.1864148327978286
156,True,157,3.9720000000000004,0.268,0,0.6467089542434601,13.78574046505697,4000.0,164.58474977022846,8202.091188787259,24.85636095527645,0.6911398249041059
157,False,158,1.051,5.6080000000000005,0,0.6467089542434601,9.254874519336814,1663.0,358.48964739034983,182860.55885034625,291.3823707472017,1.11730451992148
158,False,159,1.051,8.536,0,0.6467089542434601,6.830665436582002,1863.0,297.60706699620283,511676.91541492345,776.8623827766064,0.7371123212527219
159,False,160,1.59,6.34,0,0.6467089542434601,9.355192313237088,2129.0,277.8659192658133,61011.389753853575,155.63712200381934,0.8822975282818483
160,False,161,1.436,0.0,0,0.6467089542434601,6.200738501361685,1899.0,266.42796265667994,37963.99085688348,97.11713328132453,0.6570285070260801
161,False,162,1.051,0.804,0,0.6467089542434601,6.698887713223453,1989.0,265.72965438586914,33837.546298715155,53.614326422127924,0.6774572492029929
162,False,163,1.1280000000000001,1.8760000000000001,0,0.6467089542434601,18.08463368595568,2629.0,212.85507449832542,26311.95074792585,31.49118048101625,1.3784422954901716
163,True,164,9.927,1.608,0,0.6467089542434601,28.933043039146586,4000.0,172.17368905287051,9656.203088760003,24.172795634308127,1.4484670872454144
164,False,165,11.118,7.071999999999999,0,0.6467089542434601,11.686751037125076,1969.0,357.4519970618335,132962.96950232677,62.398547733663385,1.191029887238537
165,False,166,1.513,4.8759999999999994,0,0.6467089542434601,10.789926871971009,1975.0,309.89494072745845,58920.657309834256,143.926767559744,1.0968065280411372
166,False,167,0.897,7.804,0,0.6467089542434601,9.225591865223572,1709.0,352.3400188749195,302763.1694797495,155.84759549840058,1.0839385722061634
167,False,168,1.205,10.0,0,0.6467089542434601,9.176260740479766,1711.0,365.14725148875397,257401.54764823965,1053.0851235275893,1.076402793613327
168,False,169,0.82,1.34,0,0.6467089542434601,9.114336958016493,1443.0,378.3480901403842,69519.98607467316,93.21914539115406,1.2690077829820592
169,False,170,1.513,0.804,0,0.6467089542434601,7.658623652650608,1963.0,271.9412782780452,40509.93680992925,78.15785056115001,0.7843834922035945
170,True,171,1.282,1.608,0,0.6467089542434601,27.952756256548728,4000.0,140.04062464925116,14278.880910250464,25.122247923299483,1.3994551987099522
171,False,172,7.545,0.804,0,0.6467089542434601,6.663332130475291,1955.0,322.3596320197151,35363.695793019804,85.35005061247738,0.6855324095474514
172,False,173,9.927,8.536,0,0.6467089542434601,9.028052099503443,1941.0,358.2075399137426,65179.850384648125,77.81932949167658,0.9339445011182084
173,False,174,6.354,4.144,0,0.6467089542434601,18.326410325263684,3125.0,226.3271290289792,23140.87242472871,21.537632645753693,1.1754565383164906
174,False,175,7.545,1.072,0,0.6467089542434601,19.62986234668474,3479.0,186.1974197005674,11007.362594002097,30.225661703004786,1.1307122869689403
175,False,176,1.205,3.412,0,0.6467089542434601,12.539709042366376,1981.0,296.01040916850155,50596.252808268466,73.70702975143598,1.2691681347343595
176,False,177,7.545,0.536,0,0.6467089542434601,6.2202136968840325,1927.0,319.560403445088,38309.86656599385,80.13106911066198,0.6497052397980718
177,False,178,0.82,1.608,0,0.6467089542434601,13.607783141621445,2032.0,266.3797856813588,48173.483708346415,217.88292660764614,1.3429318290003704
178,False,179,1.051,1.8760000000000001,0,0.6467089542434601,16.586448199553782,2455.0,229.39553441423402,30997.858943911626,38.613911440369066,1.3544236086366863
179,False,180,1.051,7.071999999999999,0,0.6467089542434601,10.119506405058596,2056.0,292.6780268555492,321422.3073631706,652.6377727737572,0.9879635811603844
180,False,181,12.309000000000001,1.072,0,0.6467089542434601,13.512706667694028,2257.0,277.89597685637784,28460.409606010937,33.138778137816374,1.2007491218915434
181,False,182,9.927,7.071999999999999,0,0.6467089542434601,12.441473018311072,2129.0,329.3041422766333,86582.29721020156,38.95389402377303,1.1726386197296252
182,False,183,1.1280000000000001,2.412,0,0.6467089542434601,11.039405767566645,1705.0,341.82580453215445,51541.14955775412,125.91086053113628,1.2993727789345193
183,True,184,1.205,2.68,0,0.6467089542434601,27.741668859174595,4000.0,145.20146831083457,14499.034538862395,23.730863891344338,1.3889013565333548
184,False,185,1.1280000000000001,0.536,0,0.6467089542434601,6.042389648421942,1410.0,388.4387245894777,69514.13496338723,159.14127440997314,0.8623084415362943
185,False,186,1.051,0.0,0,0.6467089542434601,8.282549473717316,2213.0,228.44406333450462,27490.198255679094,42.22753304819357,0.7517434628269696
186,False,187,12.309000000000001,0.268,0,0.6467089542434601,5.8393851828790995,1497.0,396.5995860965783,61436.58404025626,198.003959749222,0.7848734449425088
187,False,188,1.1280000000000001,0.804,0,0.6467089542434601,6.988156591867617,2393.0,216.82902996024018,24174.932556873184,56.401688438431826,0.5873519281658066
188,False,189,1.282,2.412,0,0.6467089542434601,15.845178939241006,2700.0,210.7267588026773,207405.9050738484,84.72857851438873,1.1764259026808732
189,False,190,0.897,8.536,0,0.6467089542434601,9.199591057477337,1700.0,355.3810982689653,295043.4644399042,139.31961220720012,1.0866178367636283
190,False,191,7.545,5.6080000000000005,0,0.6467089542434601,18.834218329156037,3329.0,220.0235188060358,28843.77655141463,56.16803581308792,1.1335194607489991
191,False,192,1.282,6.34,0,0.6467089542434601,9.718250668842565,1745.0,358.38135367141706,324834.5232833955,117.04739488122726,1.1177816042269653
192,False,193,1.59,4.8759999999999994,0,0.6467089542434601,11.044365688615509,2361.0,257.2169893377947,495251.8864532681,94.0489352274214,0.9390029538610069
193,False,194,3.9720000000000004,2.68,0,0.6467089542434601,19.413578498045762,2911.0,219.4568374558992,4223434.328614908,134.75227960166742,1.336401626307134
194,False,195,12.309000000000001,4.144,0,0.6467089542434601,18.950662656051488,3713.0,189.68197219324279,67502.38251180324,76.5982550865657,1.0226967107719531
195,False,196,13.5,0.536,0,0.6467089542434601,5.569419270216992,1553.0,392.5447739921038,58196.08954395857,73.07018383041745,0.7222937579630793
196,False,197,1.205,4.144,0,0.6467089542434601,11.485094888360655,2061.0,281.06950124426317,150121.75753025667,80.88966714060113,1.1182882435182473
197,False,198,0.897,1.608,0,0.6467089542434601,10.390797736919307,1661.0,326.61593650744373,66567.30382668972,198.97210337831314,1.2559972190496589
198,False,199,13.5,4.144,0,0.6467089542434601,12.336169914184456,2267.0,320.2620344345013,42686.87016069347,55.840633698908356,1.0918483267481194
199,False,200,12.309000000000001,7.804,0,0.6467089542434601,9.023368366512187,1903.0,357.32855768779535,47960.54059865655,443.7173858400333,0.9519978503218214
200,False,201,0.897,10.0,0,0.6467089542434601,6.725660283468199,1995.0,273.4349929568134,684771.4600076018,335.5836465428428,0.6778319759790862
201,False,202,0.82,2.144,0,0.6467089542434601,18.109062879779497,2782.0,198.0855337807759,37983.4803210939,53.69454890962494,1.304493570026132
202,False,203,1.051,2.68,0,0.6467089542434601,9.68523997684277,1513.0,391.43104973250007,65480.05850570678,428.47619397685725,1.285769260736938
203,False,204,13.5,8.536,0,0.6467089542434601,12.59304444595664,2125.0,333.0250832800345,60638.068935321746,51.33019239634459,1.1883330152232794
204,True,205,1.359,0.804,0,0.6467089542434601,17.005081433981275,4000.0,135.16993554042432,7948.315700669143,46.69774604059178,0.8520988254002846
205,True,206,1.59,0.536,0,0.6467089542434601,17.68010615497369,4000.0,145.21492761428723,7850.445968163422,20.89430767538973,0.8858483739724743
206,False,207,8.736,0.804,0,0.6467089542434601,6.7820017803475015,1849.0,334.15523608076063,38481.856732315515,72.68752358400073,0.7375891145574659
207,False,208,8.736,3.412,0,0.6467089542434601,12.149004540739627,1997.0,343.7127827145128,39063.640647680964,88.98046385819245,1.2202615113238011
208,True,209,6.354,1.608,0,0.6467089542434601,27.77467222612297,4000.0,168.29005782272273,10363.147319057633,18.231774382095608,1.3905514423764809
209,False,210,2.781,8.536,0,0.6467089542434601,7.509790527269999,1943.0,318.0369081724833,186348.4654212461,286.97092429740405,0.7770552558551443
210,False,211,6.354,7.071999999999999,0,0.6467089542434601,9.815699859825846,1757.0,374.99501433873945,120895.53021312926,124.9309710390766,1.121621745324561
211,True,212,13.5,1.608,0,0.6467089542434601,28.66228960824153,4000.0,173.62076806336555,9957.007410303284,16.57828189310549,1.4349300925498971
212,False,213,7.545,3.412,0,0.6467089542434601,15.078804229784264,2305.0,293.5146429568271,34873.2272954707,84.13843458121083,1.3116313581463401
213,False,214,2.781,0.0,0,0.6467089542434601,9.143258129129645,2748.0,220.95691328055702,17442.489989672267,51.72171606760432,0.6681468089645702
214,False,215,0.974,3.412,0,0.6467089542434601,10.596848233075004,1629.0,358.17643746905264,78852.93188220258,169.20728157812133,1.3059800326568656
215,False,216,0.974,7.071999999999999,0,0.6467089542434601,8.784350475435193,1911.0,305.1068586825409,507127.27616971993,722.1246954031502,0.9229101002496204
216,False,217,7.545,7.804,0,0.6467089542434601,9.054181295754304,2051.0,333.740276869097,145712.9712748105,187.40773325097484,0.8865849311170728
217,False,218,0.82,8.536,0,0.6467089542434601,9.567244710884392,1707.0,354.2968284313218,253777.1909608525,91.98797125242537,1.1254970569175828
218,False,219,1.1280000000000001,2.144,0,0.6467089542434601,26.58896023379701,3751.0,151.01420107680434,22936.22528293313,29.73312598696689,1.4194854145776816
219,False,220,5.163,6.34,0,0.6467089542434601,10.691822380308324,1913.0,347.3095441717808,60662.26860751057,95.23474834602672,1.121987823189295
220,False,221,5.163,1.608,0,0.6467089542434601,20.17249219987195,2795.0,234.17429980416247,26887.099333649214,43.971076813186855,1.4457571623668608
221,False,222,12.309000000000001,10.0,0,0.6467089542434601,15.808946198211922,3335.0,229.00846089754208,340914.297001845,73.45016519779745,0.9503264390444052
222,False,223,12.309000000000001,0.804,0,0.6467089542434601,11.377035824018288,3027.0,214.7321412390559,15209.021356618878,85.24260047417124,0.7540981037769422
223,False,224,0.974,8.536,0,0.6467089542434601,6.334285814929433,1385.0,423.3795653292338,81041.14749820782,1266.4960328383067,0.9198834975862418
224,True,225,5.163,2.144,0,0.6467089542434601,28.012456284227,4000.0,169.80213357328546,11384.758618687789,21.269934090132192,1.402440050851258
225,False,226,1.1280000000000001,10.0,0,0.6467089542434601,10.203784101099203,2003.0,311.5926765180838,282171.2950472592,828.9582349373213,1.022721317550467
226,False,227,11.118,0.536,0,0.6467089542434601,5.676697337386488,1663.0,363.0636447675474,49363.19679194301,164.21001079706977,0.6869148347441979
227,False,228,9.927,0.0,0,0.6467089542434601,5.53857509640311,1501.0,399.3091151100664,61261.72505061643,71.33052262979353,0.742519609754134
228,False,229,0.82,0.0,0,0.6467089542434601,7.181577537604418,1247.0,447.75972155353446,104681.08779701072,190.17284060444626,1.1573139965461678
229,False,230,6.354,9.268,0,0.6467089542434601,8.838080304772806,1763.0,377.3348548636029,57295.506845215576,80.17759256657743,1.0065578904086312
230,False,231,1.205,0.536,0,0.6467089542434601,6.190868018848704,1438.0,407.85801829372735,62111.61384450923,267.10424455824744,0.8661681534833998
231,False,232,2.781,0.804,0,0.6467089542434601,11.11595144688649,3115.0,196.688776621155,14237.149431423744,48.840455677788846,0.7160363754086048
232,False,233,1.282,1.8760000000000001,0,0.6467089542434601,25.460920577578754,3601.0,156.61558316980725,16302.455199585114,27.855938623586287,1.4160419698134723
233,False,234,1.205,6.34,0,0.6467089542434601,7.787410761561094,1792.0,330.3701716716845,57871.488948590144,309.8250533395072,0.8732460589679434
234,False,235,9.927,1.072,0,0.6467089542434601,8.903205737028062,1488.0,408.90978835185433,58053.31519758485,272.4479105251304,1.2015794798922372
235,False,236,1.513,7.071999999999999,0,0.6467089542434601,12.806162840469318,2329.0,260.4058092469402,62477.14001241034,135.80393462670494,1.1030496404432752
236,False,237,0.974,9.268,0,0.6467089542434601,5.898152232471242,1493.0,393.4124790443609,66690.27577144702,661.8848639019527,0.7950575147765397
237,False,238,0.82,3.412,0,0.6467089542434601,10.676172011335517,1652.0,356.2528983069484,81900.11190804906,223.18036029152825,1.296927633965072
238,False,239,1.436,5.6080000000000005,0,0.6467089542434601,10.63297481188331,1961.0,300.0717291002286,129385.12871585668,120.0393485524,1.0884049352034235
239,False,240,1.1280000000000001,4.144,0,0.6467089542434601,8.119446805514926,2089.0,262.1020912513364,587328.7485974082,152.01224286691172,0.7808916310900115
240,False,241,7.545,4.8759999999999994,0,0.6467089542434601,15.197394467934618,2919.0,242.5457340736337,112109.85567123037,81.64634723570046,1.0437173145706955
241,True,242,12.309000000000001,1.34,0,0.6467089542434601,25.87462480826861,4000.0,170.06161287973615,10599.006349752715,52.16502312639945,1.2955538213648206
242,False,243,1.205,1.608,0,0.6467089542434601,12.815335200477795,1965.0,279.0982659409042,72555.6284358766,90.35463683703985,1.3086013412063595
243,False,244,1.205,5.6080000000000005,0,0.6467089542434601,9.357771127913304,1725.0,357.1243240433723,219392.69694792503,205.21913325531074,1.0890829141953922
244,False,245,1.359,10.0,0,0.6467089542434601,9.208268157378765,1723.0,368.41027048978,267274.78105227754,946.0720739073516,1.072623588193633
245,False,246,3.9720000000000004,0.804,0,0.6467089542434601,12.458582104464126,3412.0,184.2410622318248,12016.263795087158,33.78221695230782,0.73244998987848
246,True,247,13.5,2.144,0,0.6467089542434601,28.047843371621948,4000.0,177.4970909884669,10253.080669815645,11.1181324676214,1.4042093167577099
247,False,248,5.163,2.68,0,0.6467089542434601,25.872135115166078,3861.0,178.48802023002906,12474.567407542489,15.099709213115847,1.3423418447837698
248,True,249,3.9720000000000004,1.072,0,0.6467089542434601,23.688429525445407,4000.0,157.53080870610756,8515.293905913219,66.88620636444045,1.1862495224386151
249,False,250,1.359,4.8759999999999994,0,0.6467089542434601,18.897968273035282,3251.0,193.96173728565566,112151.11312526268,28.272649711847176,1.164629770950856
250,False,251,5.163,7.071999999999999,0,0.6467089542434601,11.883702138655856,1945.0,349.2183197462645,70978.39193876706,134.92999580951366,1.225982035325674
251,False,252,1.1280000000000001,6.34,0,0.6467089542434601,7.658837488641852,1859.0,319.591228557536,62716.383042107685,576.7995717204458,0.8283022666264177
252,False,253,12.309000000000001,2.68,0,0.6467089542434601,22.485842562360983,3367.0,207.9519455242659,84189.02083898548,40.720165619202795,1.337982044387268
253,True,254,5.163,2.412,0,0.6467089542434601,26.681719565857247,4000.0,170.29615354176462,14261.017305675696,21.5981821273697,1.335906541608238
254,True,255,1.359,2.68,0,0.6467089542434601,25.11538280489009,4000.0,148.9979975630215,19574.565156014243,5.301994389913833,1.2575936192060055
255,False,256,5.163,0.268,0,0.6467089542434601,6.395612870701222,2225.0,286.66245764283946,28662.884451597085,192.08443276405137,0.5780717084691082
256,False,257,1.513,0.536,0,0.6467089542434601,6.318151950070766,1705.0,308.35124697361624,46112.707222578116,60.94395241496717,0.7453851440039049
257,False,258,0.974,4.8759999999999994,0,0.6467089542434601,9.276236608377397,1731.0,345.14938602407534,237017.28180665683,246.2140931483775,1.0758904679713257
258,False,259,9.927,4.144,0,0.6467089542434601,18.535913390265648,2979.0,240.5799599854219,21215.794550229642,31.613437769700518,1.2465544002094109
259,False,260,0.82,6.34,0,0.6467089542434601,8.98849590613883,1769.0,332.24705954801084,360707.83458116814,1113.9761285987963,1.0207218227964878
260,False,261,1.051,1.072,0,0.6467089542434601,14.946988099599373,2531.0,199.01462920981945,23960.83157659029,110.66209864638336,1.1838153952008452
261,False,262,1.282,0.804,0,0.6467089542434601,5.538157192034899,1545.0,345.08383134500747,61475.423071212215,207.29205735932686,0.7220803373329837
262,False,263,1.205,9.268,0,0.6467089542434601,8.986797212444731,1835.0,337.02192383473067,456667.6884462429,1196.8449999867235,0.9830658371781532
263,True,264,13.5,1.8760000000000001,0,0.6467089542434601,28.39196787210259,4000.0,175.40069630269562,12377.294562103729,42.83770318541532,1.4214146815135031
264,True,265,11.118,5.6080000000000005,0,0.6467089542434601,24.695188911278766,4000.0,186.911301918777,20509.648711245223,66.28709900174823,1.2365849749576534
265,False,266,1.513,5.6080000000000005,0,0.6467089542434601,10.584488805833587,2711.0,211.99562107777317,348331.93037829857,148.29008116710668,0.7834085093802104
266,False,267,1.513,0.0,0,0.6467089542434601,5.454136752006152,1959.0,276.98481542169156,32112.367296698154,59.94281075911045,0.5604535079964493
267,False,268,1.282,10.0,0,0.6467089542434601,9.175278905787797,1743.0,361.6131031827417,320001.7524358043,1057.1531905825782,1.0569033014383633
268,False,269,13.5,6.34,0,0.6467089542434601,11.787622438930626,1979.0,358.29838692413404,154317.05323128414,63.34518310819546,1.1952061463292638
269,False,270,0.82,7.804,0,0.6467089542434601,9.108723703401779,1717.0,351.26505052217004,235407.80872909358,206.05781852586531,1.0657738145248326
270,False,271,12.309000000000001,0.536,0,0.6467089542434601,5.589126268535598,1605.0,385.75391962966484,53922.52016411421,89.86402850102856,0.7013428195669903
271,False,272,11.118,10.0,0,0.6467089542434601,9.891293051948704,1963.0,351.0373302171481,50853.271500961004,209.17154649707695,1.0118251528380475
272,False,273,13.5,0.0,0,0.6467089542434601,5.654354397510938,1459.0,412.4947240103228,64670.36082071622,68.87341406807919,0.7801674301482178
273,False,274,1.359,2.412,0,0.6467089542434601,9.70944298529384,1568.0,360.67188279210404,51967.66677901628,218.05937748353242,1.2431054914097328
274,False,275,0.974,10.0,0,0.6467089542434601,5.993719541984298,1545.0,373.595320544035,186389.08693613435,1055.1453467084568,0.7809745843369993
275,False,276,2.781,4.8759999999999994,0,0.6467089542434601,15.42838102922882,2701.0,238.8270629914444,31408.938605798012,31.596843089505878,1.145299777997795
276,False,277,12.309000000000001,2.412,0,0.6467089542434601,28.387067564416046,3881.0,182.47561791741586,10556.093140889496,29.16819985403693,1.46481910524432
277,False,278,1.051,1.608,0,0.6467089542434601,14.667633295466777,2185.0,254.9371782575748,37271.499896350404,43.58451213431732,1.3457838810578078
278,False,279,11.118,0.804,0,0.6467089542434601,9.455733648200974,2400.0,263.8629139035374,24200.169570863305,90.94775695363137,0.7910574802977247
279,True,280,1.59,2.412,0,0.6467089542434601,26.25478021117897,4000.0,148.44856793202962,15340.297741512532,12.659645513761465,1.3145606411693471
280,False,281,1.59,7.071999999999999,0,0.6467089542434601,12.7066522258897,2225.0,288.9702042112413,150794.99726201154,45.13805267301896,1.1457699720166854
281,False,282,13.5,7.071999999999999,0,0.6467089542434601,10.080262137956383,1713.0,399.01427531923486,96009.38244187775,259.5839921924134,1.1807689708025009
282,False,283,2.781,10.0,0,0.6467089542434601,7.823606888832423,1855.0,340.9617372615593,166487.19392748456,521.4605763942741,0.8476767372960134
283,False,284,6.354,6.34,0,0.6467089542434601,15.07922650038175,2809.0,248.6984860000833,35377.419209605476,45.21025347858989,1.076400859672126
284,False,285,1.436,6.34,0,0.6467089542434601,9.43662648062591,1710.0,365.79248563083337,282380.0214465245,124.6246235784202,1.1079842887938478
285,True,286,9.927,6.34,0,0.6467089542434601,26.512170204924804,4000.0,194.746036779169,14380.453877516402,5.43100464405208,1.3274294974138252
286,False,287,1.59,1.072,0,0.6467089542434601,7.938934800083794,1383.0,404.5340076236717,68430.04411928372,675.7147689002906,1.1538669134867805
287,False,288,12.309000000000001,6.34,0,0.6467089542434601,21.18079365504958,3389.0,225.2979826000657,26377.07572745456,20.342438915503926,1.2524224311122356
288,False,289,5.163,3.412,0,0.6467089542434601,18.6867603024149,2835.0,243.576672724002,42080.48176247431,46.61029217272772,1.3207665567658289
289,False,290,5.163,0.536,0,0.6467089542434601,5.8731297609565765,1545.0,378.7599242050589,61776.96776267308,61.1235291725083,0.7649640136931459
290,True,291,2.781,4.144,0,0.6467089542434601,26.646691675307675,4000.0,166.42985230130608,15383.786201027413,5.600267279892403,1.3341552346461072
291,False,292,1.282,9.268,0,0.6467089542434601,9.581470574946078,1797.0,353.5466084353607,241876.7920408087,722.4216909783268,1.0707054483299918
292,True,293,1.436,3.412,0,0.6467089542434601,23.528484457171906,4000.0,149.1375514507639,36385.54520123512,64.71660219732773,1.1782526688676187
293,False,294,0.82,10.0,0,0.6467089542434601,9.06810663031026,1715.0,356.2295807667455,247741.4518368597,203.99275997415097,1.0620310010684153
294,False,295,13.5,3.412,0,0.6467089542434601,11.972482736399705,2191.0,308.1677511045156,54952.446601759504,175.31874094170482,1.0961239307521635
295,True,296,7.545,2.412,0,0.6467089542434601,27.97231084216222,4000.0,174.2357367161215,11532.171396099267,18.142097055548586,1.4004328791066063
296,False,297,9.927,4.8759999999999994,0,0.6467089542434601,18.678293634339926,2891.0,249.13652993746257,56255.40353700892,78.48520402243744,1.2946005953651736
297,False,298,6.354,7.804,0,0.6467089542434601,10.883718786899154,2199.0,316.67558152906867,61850.047927491854,30.79684210465216,0.9929508100509924
298,True,299,7.545,2.144,0,0.6467089542434601,27.70482507078632,4000.0,173.50230348660577,10137.046930867748,14.851167957493631,1.3870592592188071
299,False,300,1.282,0.268,0,0.6467089542434601,5.424498921014751,1623.0,324.31419298810164,50892.718231827814,123.96819918198031,0.6726904056484214
300,False,301,3.9720000000000004,4.144,0,0.6467089542434601,19.322912163736028,3369.0,197.5750695011141,22983.580250629315,121.59889965285757,1.1494098395030778
301,True,302,8.736,2.144,0,0.6467089542434601,26.7143776450167,4000.0,172.29031823142728,12685.352471867021,42.34012311570833,1.337539363925094
302,False,303,0.82,0.804,0,0.6467089542434601,8.621159580486141,1602.0,352.9435352820136,107144.00531666732,259.46799175644367,1.080877138102125
303,False,304,1.1280000000000001,7.804,0,0.6467089542434601,8.979057024802886,1845.0,329.1884188574802,433469.11719281116,1030.1471109551464,0.9773254062056826
304,True,305,1.359,0.268,0,0.6467089542434601,16.21905793280738,4000.0,128.70590390265798,8333.140403535419,59.469009033500356,0.8127996153020977
305,False,306,1.282,0.536,0,0.6467089542434601,5.879183845491228,1509.0,410.0922534101082,64790.372422608,703.708210757246,0.7844267557127957
306,False,307,1.359,9.268,0,0.6467089542434601,10.256342376464026,2013.0,320.28571330493304,242005.7023324678,646.7575522740426,1.0225578175539118
307,False,308,0.897,4.8759999999999994,0,0.6467089542434601,9.243457121880102,1695.0,348.8885009886208,230971.42423516625,132.92827661808724,1.0944816385295228
308,False,309,11.118,8.536,0,0.6467089542434601,10.973339103041992,2533.0,282.30780106629123,144588.2350387022,110.60906787904146,0.8694106810812813
309,False,310,12.309000000000001,3.412,0,0.6467089542434601,11.540532471989,2095.0,340.4416529738394,39516628.87313,92.51709299909479,1.1054305561237794
310,False,311,1.513,9.268,0,0.6467089542434601,10.155998514342476,1829.0,333.0565042895716,110724.98530479733,515.9207941844552,1.1144359557443015
311,False,312,8.736,1.072,0,0.6467089542434601,8.919744944554354,1491.0,405.82615341597915,64992.78082735442,210.32500022482398,1.2012192728180802
312,True,313,9.927,2.144,0,0.6467089542434601,27.12641841945969,4000.0,174.3131475565982,11995.349886378814,15.8953154913137,1.3581403725968084
313,False,314,0.82,2.412,0,0.6467089542434601,8.094152125689849,1347.0,432.56683314129515,76406.91002900372,775.6452121716808,1.2077676070904806
314,True,315,9.927,1.34,0,0.6467089542434601,26.260759596326032,4000.0,168.41762490282386,10399.614240351388,28.611426672046854,1.3148595954789848
315,False,316,0.897,5.6080000000000005,0,0.6467089542434601,10.162840184420334,2067.0,281.51950087655104,372727.9884415183,340.4784543717024,0.9865171525407816
316,True,317,11.118,1.34,0,0.6467089542434601,25.70580980313241,4000.0,168.17451094253488,11514.937518788976,39.36938373076193,1.2871134931244237
317,False,318,1.436,1.8760000000000001,0,0.6467089542434601,10.678098746677577,2243.0,251.76748660938355,30601.5629744113,36.75844624165849,0.9554922799402032
318,False,319,0.974,4.144,0,0.6467089542434601,9.464472171783221,1671.0,352.80985918939155,144577.81058310563,150.6773504948761,1.1374454566235768
319,True,320,1.359,0.0,0,0.6467089542434601,17.239387080685333,4000.0,137.18144763103714,8006.739256384048,42.80730361273983,0.8638135220006566
320,False,321,1.59,0.0,0,0.6467089542434601,7.676946218400714,2035.0,267.09881208532386,33250.505755060236,110.26322276456636,0.7578284274314272
321,False,322,12.309000000000001,1.8760000000000001,0,0.6467089542434601,20.592053851083428,2999.0,225.6690191733759,23731.1439169423,37.61187368947565,1.3753200682625628
322,True,323,9.927,2.412,0,0.6467089542434601,29.350958898252138,4000.0,178.27635266542674,9392.815375673941,15.388581161240394,1.4693618354632796
323,False,324,1.513,10.0,0,0.6467089542434601,10.625470641111287,1951.0,317.10127062545365,99661.8637036664,587.9098679876004,1.0929907558386958
324,True,325,13.5,2.412,0,0.6467089542434601,24.582744594585403,4000.0,177.38033684786168,10845.925224401855,71.86597541745452,1.2309630402197225
325,False,326,1.1280000000000001,2.68,0,0.6467089542434601,10.316695443626507,1953.0,295.1731720160475,50382.24634855423,77.42913112585832,1.0601456554190174
326,True,327,7.545,0.0,0,0.6467089542434601,14.575449592223153,4000.0,166.9643480350746,8145.540010344141,22.871722600397426,0.7306233070883029
327,False,328,1.1280000000000001,0.0,0,0.6467089542434601,7.888077265700742,2605.0,194.62542844866027,23964.280320241167,21.89720905568868,0.608648781949999
328,False,329,1.282,2.144,0,0.6467089542434601,16.659572576887328,2479.0,232.16979937106086,29383.48835687946,92.67563858344124,1.346992558062304
329,False,330,1.359,6.34,0,0.6467089542434601,10.286814149305432,1817.0,345.95684213150065,254841.77890803746,95.93567218222513,1.1365655352439492
330,True,331,1.436,0.536,0,0.6467089542434601,17.279479619575493,4000.0,133.3480073852726,8586.569197946734,107.93319769762913,0.8658180487188286
331,False,332,1.051,2.144,0,0.6467089542434601,9.733021752116047,1593.0,350.44523437537424,53819.25866898345,211.83240783290424,1.2271751978103351
332,False,333,1.359,7.804,0,0.6467089542434601,9.056667860340973,2496.0,228.90042146225568,507731.24939146225,94.36540647558355,0.7286607670213212
333,False,334,0.974,1.34,0,0.6467089542434601,7.892237068782077,1339.0,408.9834096314593,71046.36359214637,715.4819577659872,1.1849946565499798
334,False,335,1.1280000000000001,1.608,0,0.6467089542434601,12.754250748439341,1959.0,278.772347341693,48073.69435422309,78.18680849565004,1.305705616136612
335,False,336,9.927,7.804,0,0.6467089542434601,10.797914559990716,3083.0,237.83523844874242,404786.0562436915,98.7196790827846,0.7030209390023978
336,False,337,1.436,7.804,0,0.6467089542434601,9.227223377104671,1643.0,361.5277509224627,78654.5971519123,743.7429579637808,1.128086028242388
337,True,338,1.59,3.412,0,0.6467089542434601,24.01537321326241,4000.0,152.49258023320846,23006.93693444501,13.462953984966392,1.2025958895111106
338,False,339,8.736,4.144,0,0.6467089542434601,21.41322963048593,3657.0,198.6851477339444,16499.469269983132,32.956807101544086,1.1730819645268369
339,False,340,8.736,1.34,0,0.6467089542434601,26.642053790146928,3985.0,165.7370183465936,10982.500345836492,22.58851552578001,1.3390113406773478
340,False,341,6.354,8.536,0,0.6467089542434601,10.699280627924935,1891.0,358.24486642526887,131803.93808072055,172.42807481021885,1.1359530047371742
341,False,342,0.897,0.268,0,0.6467089542434601,8.145933797227775,1539.0,346.54604546280893,56565.59116764253,113.98573749981449,1.0636445243147743
342,False,343,1.051,4.8759999999999994,0,0.6467089542434601,9.313551043190133,1733.0,345.74322655310755,241682.38340877628,210.94647157414101,1.0790789540780643
343,False,344,1.282,1.072,0,0.6467089542434601,7.977278514011734,1409.0,385.7226884783788,65895.22915643133,698.4381464547397,1.1378514603722336
344,False,345,1.436,10.0,0,0.6467089542434601,10.05678804682398,1799.0,356.98409018379294,227999.53463823488,432.44216527818674,1.121864327592191
345,False,346,13.5,1.072,0,0.6467089542434601,8.916570606730877,1492.0,410.0489113139509,60619.6560142883,184.3634558814088,1.2001498163223356
346,True,347,3.9720000000000004,4.8759999999999994,0,0.6467089542434601,27.03948075074625,4000.0,177.71330831685242,14183.23983492238,5.095390721103092,1.3537937064944423
347,False,348,0.82,4.8759999999999994,0,0.6467089542434601,9.502389186756428,1693.0,347.11365265755967,242109.612878822,147.1098831715663,1.1263443163644216
348,False,349,1.513,7.804,0,0.6467089542434601,8.960281559408045,2153.0,290.74116331301485,155674.82276074044,113.94453103977686,0.8355491440486162
349,False,350,0.82,1.8760000000000001,0,0.6467089542434601,19.198195641626672,2863.0,192.334741521828,38973.588894217035,81.26855036520716,1.3439490543199248
350,False,351,0.897,7.071999999999999,0,0.6467089542434601,6.8497015728711474,1870.0,290.5931645386612,511910.4812157322,703.7223328099292,0.7365467592473556
351,False,352,2.781,1.34,0,0.6467089542434601,8.69295739179364,1408.0,414.0275431268888,67526.69160829161,200.6304170444011,1.2399807647555532
352,False,353,0.897,1.8760000000000001,0,0.6467089542434601,14.652318403972814,2209.0,252.03235500184968,37611.339403430175,85.53371424787021,1.3303808709314238
353,False,354,0.897,3.412,0,0.6467089542434601,10.260473281027574,1607.0,372.5971739675628,76225.56542473349,388.22158135141746,1.2819893506631854
354,False,355,13.5,2.68,0,0.6467089542434601,13.65739173474328,2517.0,285.75938793829516,37830.55242923314,45.57999864230475,1.0881248138881308
355,False,356,6.354,10.0,0,0.6467089542434601,11.020572047666404,2223.0,309.51781096763693,9264762.130835176,206.7471795195007,0.9947215274370949
356,False,357,1.359,1.072,0,0.6467089542434601,8.04509808090526,1405.0,389.3324805296735,65621.21747862082,688.4842207127766,1.1505829542712511
357,True,358,8.736,1.608,0,0.6467089542434601,28.166177644696702,4000.0,171.79307752688422,10196.73923300225,16.9484805189991,1.4101257345905558
358,False,359,0.974,0.536,0,0.6467089542434601,9.03771054212557,2515.0,201.99388926332168,21206.871682567464,53.81721800904664,0.7217063789246708
359,False,360,2.781,6.34,0,0.6467089542434601,22.913196525423217,3875.0,178.18526680874044,943492.0780944224,25.383704670236536,1.1847482809350331
360,False,361,5.163,7.804,0,0.6467089542434601,11.509411617875614,2041.0,332.5479542152925,55826.20271678313,53.30822813872588,1.1317415260930035
361,False,362,13.5,9.268,0,0.6467089542434601,14.751080479845063,2723.0,269.4408055569299,41128.21449738659,34.76420334924789,1.0863753509658718
362,False,363,0.897,9.268,0,0.6467089542434601,8.990144678774284,1745.0,349.05803447538733,326246.60650942195,204.43979597917053,1.0341227779638855
363,False,364,1.205,2.144,0,0.6467089542434601,18.85760641747298,2875.0,197.10502396332782,26649.37708492754,55.15662050362985,1.314642286949653
364,True,365,1.59,2.144,0,0.6467089542434601,28.29390266908725,4000.0,148.5230789015689,12684.303842297473,36.87253592193236,1.4165116665134865
365,False,366,1.1280000000000001,8.536,0,0.6467089542434601,8.892051999131102,1939.0,305.9247012006711,473116.5027023805,1036.1031318073556,0.9207877059169008
366,True,367,5.163,5.6080000000000005,0,0.6467089542434601,24.72101677036295,4000.0,179.28183851532296,20668.696366210068,34.03053716584283,1.2378763033454427
367,False,368,6.354,4.8759999999999994,0,0.6467089542434601,14.400700704978554,2597.0,263.5001986071555,27367.891635516997,43.42159820460681,1.1120184748792028
368,False,369,1.282,0.0,0,0.6467089542434601,10.456450514900386,2891.0,175.7644248173933,17995.788089555343,50.33829062910638,0.7258904121016335
369,False,370,1.436,9.268,0,0.6467089542434601,11.003554799837877,1885.0,328.49268806428773,120267.3120941212,500.35007126880475,1.1713666425513138
370,False,371,1.1280000000000001,5.6080000000000005,0,0.6467089542434601,9.52790182997651,1715.0,351.54921415546784,259804.205827767,134.4949374471899,1.1152674598142482
371,False,372,0.974,2.412,0,0.6467089542434601,23.521868655923964,3407.0,168.51545814148383,21526.106493286075,20.310706315391762,1.382687706366454
372,False,373,1.051,4.144,0,0.6467089542434601,9.517925005116496,1685.0,350.6381217490051,135755.9813911467,164.74425434867152,1.1342044128150366
373,True,374,8.736,2.412,0,0.6467089542434601,28.853126625682354,4000.0,176.83532742748426,10003.796679315972,14.697509784528446,1.4444714663532476
374,False,375,6.354,3.412,0,0.6467089542434601,15.994853111139625,2362.0,290.336166560587,26086.74485880727,87.95440621091706,1.3574295389037498
375,False,376,1.1280000000000001,9.268,0,0.6467089542434601,6.9640928039307175,2126.0,256.81109938266843,701784.6482371687,720.2850820144663,0.6586247744127623
376,False,377,1.282,4.8759999999999994,0,0.6467089542434601,11.52886123300764,2133.0,284.30173124380144,519623.9003699386,226.88201571801886,1.0845389972676245
377,False,378,0.897,0.536,0,0.6467089542434601,10.163217748171952,1959.0,255.90971590224243,35864.005278471595,101.15605609780272,1.0409147878594904
378,False,379,8.736,2.68,0,0.6467089542434601,19.867308570968337,3193.0,218.17635655568455,20859.194802322374,33.939375917196806,1.2465591021933649
379,False,380,13.5,5.6080000000000005,0,0.6467089542434601,19.513671002867497,3209.0,232.7870754396679,19229.245529942706,23.688763062500314,1.2185365020705934
380,False,381,11.118,0.0,0,0.6467089542434601,5.8909201340715445,1443.0,414.3304995674777,66029.04755306861,122.62442072080862,0.8217141104534991
381,False,382,6.354,1.072,0,0.6467089542434601,9.453191962758604,1590.0,388.0856091297296,48619.112744019294,182.88238008216962,1.1936786738282583
382,False,383,0.897,4.144,0,0.6467089542434601,9.39768113124882,1685.0,346.74451525166916,153678.29110152987,257.1885209477129,1.1195334959775771
383,True,384,12.309000000000001,5.6080000000000005,0,0.6467089542434601,24.40993349465181,4000.0,189.4469291397572,17365.74318022239,25.698889557963557,1.222322917229193
384,False,385,9.927,0.804,0,0.6467089542434601,6.577123169396121,1843.0,335.96297755622925,40227.7818933914,76.18952124528293,0.7178372590609817
385,False,386,2.781,9.268,0,0.6467089542434601,19.818433595600496,3785.0,177.6905249982713,33062.769855113256,231.35339974975741,1.0493146313191042
386,False,387,1.59,0.268,0,0.6467089542434601,7.718005569962447,1359.0,427.7833839659155,66698.01075948936,217.92357387068242,1.141223181697001
387,False,388,3.9720000000000004,8.536,0,0.6467089542434601,9.069367062527258,2067.0,316.20084609105527,70063.92662374166,115.57607777302769,0.8813620667162075
388,True,389,6.354,2.144,0,0.6467089542434601,28.84452600675415,4000.0,173.4701237164822,9440.21741303724,9.843001201280254,1.4440414569073097
389,False,390,11.118,4.8759999999999994,0,0.6467089542434601,25.544623246013536,3853.0,192.4219909910909,18048.14659745805,96.71138366763992,1.3279195649553002
390,True,391,0.974,0.804,0,0.6467089542434601,18.107774634191465,4000.0,118.29165848035083,10937.281660270217,112.74718581395264,0.9072307288156192
391,False,392,1.282,1.34,0,0.6467089542434601,7.981394480356583,1355.0,408.4637246838369,69784.40480239825,675.094334531542,1.1839866607422025
392,False,393,1.359,2.144,0,0.6467089542434601,18.37080887160256,2715.0,211.23397529484657,35846.518853871705,59.02949975605311,1.3561629618724358
393,False,394,1.205,0.804,0,0.6467089542434601,6.286896440613586,1705.0,307.9450101842362,48438.22980522081,69.13800042459721,0.7420677711444464
394,False,395,1.436,0.804,0,0.6467089542434601,7.860310444422548,1427.0,392.96876371597017,61966.23286018202,679.2202452276854,1.1071008714988526
395,False,396,0.82,2.68,0,0.6467089542434601,9.415172082385693,1503.0,388.0217197626292,89559.74723621551,186.5753919728833,1.257371542329834
396,False,397,0.897,0.804,0,0.6467089542434601,7.625393038240171,1358.0,397.9817656412856,78061.13955448402,110.41449708241863,1.128425888836777
397,True,398,1.513,0.268,0,0.6467089542434601,18.61313906165205,4000.0,145.6799036873046,7778.389259947859,25.73588600671548,0.9324976868407454
398,False,399,0.82,9.268,0,0.6467089542434601,9.547107630500939,1708.0,354.99561040593454,249919.5185783763,112.58746641818328,1.1222169304942289
399,True,400,2.781,3.412,0,0.6467089542434601,27.556950095465336,4000.0,162.32209276690088,14611.945539953918,5.09977987610234,1.379665880121713
400,True,401,7.545,6.34,0,0.6467089542434601,26.51260285955343,4000.0,191.6272692649401,14430.927450695806,6.50915638146353,1.3274511290636744
401,True,402,2.781,2.144,0,0.6467089542434601,28.75289094115541,4000.0,159.94199969063226,10895.364620316594,20.66133480472704,1.4394599327035829
402,True,403,1.436,2.68,0,0.6467089542434601,25.306934529380182,4000.0,149.68951453700188,19561.799162393163,5.058743690214881,1.2671707265751408
403,False,404,1.513,1.34,0,0.6467089542434601,8.0076798573648,1342.0,414.77841891250563,67642.30820076594,701.1627665767069,1.198841756849228
404,False,405,1.59,0.804,0,0.6467089542434601,7.891574539464438,1419.0,398.8986674882715,62040.31083311348,680.8049790998218,1.117277964254574
405,False,406,11.118,2.68,0,0.6467089542434601,14.707865810483007,2247.0,303.5157814285053,38798.25060188068,44.33102267707247,1.3118872760974292
406,False,407,7.545,9.268,0,0.6467089542434601,13.350870701547725,2689.0,266.56497444783173,27712.436518486826,76.08994293190601,0.9958805321631052
407,False,408,7.545,8.536,0,0.6467089542434601,11.924801882638938,2381.0,293.8837854814089,36861.774021756326,97.03105145787369,1.004665243595462
408,False,409,0.974,7.804,0,0.6467089542434601,6.815337797282012,1855.0,296.30699293400164,505376.0999683743,780.9310723226226,0.7386381731119698
409,False,410,0.974,1.072,0,0.6467089542434601,7.283774910255595,1300.0,427.1478249327167,118880.986984991,877.5323838769102,1.1262147489780168
410,False,411,5.163,9.268,0,0.6467089542434601,9.751389816602126,1815.0,364.79494165786883,64314.048088854026,138.55034534044165,1.078098787384664
411,True,412,11.118,6.34,0,0.6467089542434601,26.35550891787953,4000.0,195.8663137162894,14356.142292350445,6.503085153822173,1.3195968246951983
412,False,413,1.59,5.6080000000000005,0,0.6467089542434601,19.4152975695547,3163.0,201.749110289863,93174.47822637882,88.10119085763559,1.2297265783178364
413,False,414,5.163,8.536,0,0.6467089542434601,13.323702698134065,2463.0,284.87877774811284,39992.222630945485,137.53555006171243,1.0845332687489149
414,False,415,1.282,7.804,0,0.6467089542434601,10.308367862821331,1986.0,322.20363979180235,232125.39864643372,474.61444564695137,1.0417999230361958
415,False,416,12.309000000000001,0.0,0,0.6467089542434601,5.598338015032119,1447.0,410.5583448307211,69072.35995792673,138.94108658689885,0.7788951337593414
416,False,417,7.545,0.268,0,0.6467089542434601,5.87432082579372,1703.0,358.9913205482615,48403.953035850966,109.03455984693682,0.6945568607429841
417,False,418,6.354,0.0,0,0.6467089542434601,6.148807479784456,1649.0,355.5177218140516,51096.448086229335,115.72125322015923,0.7501581972395863
418,False,419,12.309000000000001,7.071999999999999,0,0.6467089542434601,15.816563822934828,2782.0,269.09332705693737,24848.87839302966,36.520189321879386,1.1396959956716608
419,False,420,1.282,2.68,0,0.6467089542434601,19.74172557919069,3027.0,190.93204210406293,46406.93414108458,102.72427440809359,1.3069560428205107
420,False,421,1.1280000000000001,1.072,0,0.6467089542434601,9.734616173468012,1683.0,312.59763056414124,44052.281177789424,138.20647076369886,1.1606132240282871
421,True,422,12.309000000000001,9.268,0,0.6467089542434601,26.13669937002523,4000.0,199.89882410612537,15360.933321166067,6.214944174603582,1.308656894299004
422,True,423,11.118,2.144,0,0.6467089542434601,27.969819159555144,4000.0,176.52426420825955,10058.13302182172,15.743555525517607,1.4003083012051478
423,False,424,1.051,3.412,0,0.6467089542434601,10.725285923070693,1627.0,361.4601850544416,78257.64627118934,174.25684406750827,1.323052623960728
424,False,425,1.359,7.071999999999999,0,0.6467089542434601,9.35228696161482,1644.0,365.6014369318236,130181.6526092444,322.1819726980487,1.1422009651459522
425,False,426,5.163,4.144,0,0.6467089542434601,16.058443419723712,2907.0,234.12708610254242,32348.242754639545,58.364829063869294,1.1074852478724144
426,False,427,5.163,4.8759999999999994,0,0.6467089542434601,13.213224531915277,2517.0,267.171100806774,36415.680531850776,62.31362940933588,1.052666960976164
427,False,428,7.545,10.0,0,0.6467089542434601,18.81013050378207,3521.0,208.46657907039616,24233.360021447377,102.04464379510249,1.07029401911611
428,False,429,1.59,10.0,0,0.6467089542434601,11.550391587123046,2103.0,308.36712666304373,269960.02783295244,295.64944963335813,1.1022675506491515
429,False,430,1.205,7.804,0,0.6467089542434601,10.193531038718348,2015.0,311.12736176125577,276261.96337203943,696.3785750223833,1.0156122902094058
430,False,431,1.051,7.804,0,0.6467089542434601,8.908891751233215,1835.0,324.97602270236365,512106.01107740344,724.1559736470452,0.9751105094369408
431,False,432,1.051,2.412,0,0.6467089542434601,11.64044665041987,1753.0,332.7906597850954,58065.26753210258,163.67538836095036,1.3322146729717268
432,False,433,0.974,5.6080000000000005,0,0.6467089542434601,14.897232793117368,2637.0,228.0485101642659,110790.81089780324,233.1641159435758,1.1325532695814475
433,True,434,5.163,1.8760000000000001,0,0.6467089542434601,27.46922247020045,4000.0,167.81021226307053,12138.226330426774,34.168571820820716,1.3752797181665668
434,False,435,0.974,0.0,0,0.6467089542434601,7.521103425868481,1293.0,436.06318461921995,73900.0791323226,215.17637910298004,1.1684728085823102
435,False,436,1.359,3.412,0,0.6467089542434601,15.246987312145352,2319.0,257.83446540648976,41262.28024223368,86.90374415898913,1.3179903841508769
436,False,437,9.927,9.268,0,0.6467089542434601,10.6398637194743,1891.0,363.1117598340785,124445.66756521168,122.32356535180595,1.1287115108166108
437,False,438,3.9720000000000004,10.0,0,0.6467089542434601,8.002595832219392,2165.0,307.10333569399535,136857.451117385,253.84603974942908,0.7428941148545568
438,False,439,1.359,4.144,0,0.6467089542434601,20.33731173641092,3076.0,197.65174681872452,37443.75347768872,27.92335456749534,1.324690131283146
439,False,440,1.1280000000000001,1.34,0,0.6467089542434601,8.0223649474939,1361.0,402.1868419864092,68626.40155120168,698.2390879049083,1.1842656656397652
440,False,441,0.974,2.144,0,0.6467089542434601,14.220234606943311,2145.0,266.63132340011987,42292.62260167495,86.13093033750833,1.3297875191004511
